"Date","StockID","StockName","Analysis"
"2026-01-09 21:04:20","3376","新日興","好的，針對新日興 (3376) 的技術指標數據，提供專業分析與投資建議如下：

---

### **新日興 (3376) 專業技術分析與投資建議**

**一句話結論：** **等待觀察**，待RSI修正回歸正常區間，並回測下方支撐，再考慮分批佈局。

**3 個關鍵理由：**
1.  **RSI嚴重過熱:** 雙RSI指標均處於極端過熱區間，顯示短線追價風險極高，隨時可能面臨獲利了結賣壓或技術性修正。
2.  **股價突破布林上軌:** 雖然顯示強勁，但也意味著股價過度延伸，有回歸布林通道中軌的傾向，需要注意短線回調風險。
3.  **趨勢健康度隱憂:** 雖然均線呈現多頭排列且成交量放大，但RSI過熱使得這波上漲的健康度受到質疑，貿然追高可能被套在高點。

---

#### 1. 市場趨勢判斷

*   **目前屬於：** **多頭**
*   **判斷依據：**
    *   **均線：** 股價 (228.5) 遠高於所有短期 (MA5: 221.1)、中期 (MA10: 212.05, MA20: 210.15) 均線，且均線呈現完美的多頭排列 (MA5 > MA10 > MA20)，MA線持續向上。
    *   **布林通道：** 股價突破布林通道上軌 (226.11)，顯示買盤強勁，上漲動能強。
    *   **ADX：** ADX (23.06) 趨勢強度增強 (+DI: 33.04 >> -DI: 11.29)，明確指出多方主導的趨勢。
*   **趨勢是否健康？是否有轉弱跡象？**
    *   趨勢目前非常強勁，但**健康度存有隱憂**。RSI嚴重過熱，股價貼近甚至突破布林上軌，顯示短線漲幅已大，存在技術性修正或獲利了結的壓力，是潛在的轉弱預警，而非趨勢本身轉弱。

#### 2. 技術指標解讀

*   **BBand 寬度：** 今日 BBand 寬度為 15.19% (昨日 13.04%)，呈「**擴張**」狀態。這表示市場波動率正在增加，股價走出強勢突破行情，趨勢明確。
*   **RSI：**
    *   RSI (6): 88.17，RSI (14): 71.2。雙雙進入「**嚴重過熱**」區間 (通常70以上為過熱，80以上為極端)。這表示買盤力道過度集中，股價短線漲幅過大，隨時可能面臨回檔修正。
    *   **是否背離：** 數據未提供前高點RSI，無法判斷背離，但高RSI本身即為警訊。
*   **KD：** K值(74.22) > D值(62.42)，維持「**黃金交叉且多頭**」格局。K值在高檔鈍化，顯示上漲動能仍強，但高K值同時也預示修正風險。
    *   **有效性：** 在極強勢的多頭行情中，KD指標容易在高檔鈍化，死叉訊號可能會延遲或失效，需要搭配RSI及成交量綜合判斷。
*   **成交量：** 今日成交量 12272 張，高於前一日 (8286) 和 5 日均量 (9466)。「**成交量能放大，支持目前的上漲價格行為**」，顯示有買盤追價，但結合RSI過熱，需警惕是否為末升段的追價量。

#### 3. 基本面與消息面

*   **近期營收與成長性評估：** 數據未提供具體營收。新日興作為筆電與摺疊手機軸承供應商，通常受惠於相關產業趨勢。建議投資者需查閱最新財報及營收數據，評估其成長性是否能支撐目前的股價。
*   **新聞是否為短期題材或中長期利多 / 利空？** 無具體新聞資訊。若有，需判斷是來自產業趨勢的結構性利多（中長期），還是單一訂單或短期消息面刺激（短期）。
*   **市場目前關注焦點是「成長 / 修正 / 不確定性」？** 鑑於股價的強勁表現，市場目前顯然在追逐其「**成長**」題材，對未來業績抱有較高期待。

#### 4. Smart Money Concepts 分析

*   **4.1 市場結構（Market Structure）**
    *   **高週期結構（HTF）：** **多頭**。均線多頭排列，股價不斷創高，整體趨勢向上。
    *   **是否出現 MSS / CHoCH？** 數據顯示為強勢上漲，目前**尚未出現明顯的 MSS (Market Structure Shift) 或 CHoCH (Change of Character)** 轉空跡象。多頭結構維持。
*   **4.2 關鍵 SMC 價格區**
    *   **A. 看漲訂單塊（Bullish OB）：**
        *   **價格區間：** 無K線圖無法精確定義OB。但從均線來看，MA5 (約 221.1)、MA10 (約 212.05) 和 BBand 中軌 (約 210.15) 都是潛在的支撐區，可視為 Smart Money 可能回踩佈局的潛在需求區。
        *   **形成背景與合理性：** 在強勁多頭趨勢中，回調至這些支撐位並出現止跌信號，可能是市場有效回踩訂單塊的機會。
    *   **B. 流動性池（Liquidity / SSL / BSL）：**
        *   **可能被獵殺的價位：** 鑑於股價高位，上方可能沒有明顯的 BSL (Buy Side Liquidity)。但下方，近期低點下方 (例如 MA5 或 MA10 下方) 將堆積大量的停損單或賣單，形成潛在的 **SSL (Sell Side Liquidity)**，可能成為 Smart Money 誘空或回調時獵殺的目標。
        *   **散戶常見誤區：** 在RSI過熱時追高，並將停損點設在近期均線或支撐下方，容易成為被獵殺的流動性。
    *   **C. 看跌失衡區 / 目標位（Bearish FVG）：**
        *   **價格區間：** 無K線圖無法判斷。但考慮到股價快速拉升，很可能在下方或較早的拉升過程中形成了看漲的FVG (Bullish FVG)。在目前高位，上方暫無明顯的Bearish FVG作為目標壓力區。
        *   **是否為潛在壓力或獲利了結區：** 結合RSI過熱及股價突破布林上軌，當前價格區域**是潛在的獲利了結區**。
*   **4.3 價值區判斷**
    *   **現價位於：Premium (溢價區)**。股價顯著高於 BBand 中軌和 MA，且RSI嚴重過熱，顯示價格處於較高的「溢價」狀態，不具備回報潛力。

#### 5. 多時間框架分析

*   **高週期（日 / 週）：** 主要方向：**多頭**。日線圖顯示強勁上漲趨勢，但RSI過熱預示潛在修正。週線圖應也為多頭。
*   **中週期（4H / 1H）：** 關鍵結構與 OB：無具體數據，但預期中週期也會呈現強勁多頭，並可能出現較小時間框架的修正或盤整。可尋找中週期回踩潛在訂單塊的機會。
*   **低週期（15m / 5m）：** 進出場觸發：無具體數據，但應配合高、中週期的多頭判斷，在價格回調至關鍵支撐位後，於低週期尋找看漲的 CHoCH 或確認訊號作為精準進場點。

#### 6. SMC 操盤劇本

*   **主要劇本（Main Scenario）：等待回調再進場**
    *   **等待獵殺：** 鑑於RSI過熱及股價突破布林上軌，Smart Money 可能會等待散戶追高後回調，獵殺設在 MA5 (221.1) 或 MA10 (212.05) 下方的 SSL。
    *   **進入訂單塊：** 等待價格回踩至 MA5 (約 221.1) 或 BBand 中軌 (約 210.15) 附近的潛在需求區/訂單塊，並觀察低週期是否有看漲的 CHoCH 或其他止跌確認訊號。
    *   **進場方向：** **多** (在回調後尋找買點)。
    *   **停損（SL）：** 若在 MA5 或 BBand 中軌附近進場，停損應設置在 MA20 (210.15) 略下方，或昨日 BBand 中軌 (209.02) 之下，以保護資本。
    *   **目標價（TP1 / TP2）：** 回調確認止跌後，TP1 可設定為前高 (228.5) 附近，TP2 可設定為新的心理關卡或上方更高週期的流動性區。
*   **備用劇本（Alternative Scenario）：**
    *   若股價直接強勢續漲，但RSI持續在高檔鈍化甚至出現頂部背離而價格持續創高，或如果價格未能守住 MA20 (210.15) 並收盤確認跌破，則多頭結構可能被破壞，需重新評估，考慮減倉或轉為觀望。

#### 7. 交易設定品質評分（0–100）

*   **趨勢一致性：** 90 (高週期多頭趨勢明確)
*   **流動性條件完成度：** 60 (目前處於高點，上方流動性不明顯，下方流動性待獵殺)
*   **OB / FVG 精準度：** 50 (無K線圖無法精準判斷)
*   **成交量配合度：** 80 (量能支持上漲，但高點量能需謹慎)
*   **風險報酬比（RR）：** 40 (現價追高風險高，RR不佳，需等待回調改善)
*   **綜合評分：** **64** (現價不適合進場，但潛在回調後的交易機會品質可能較高)

#### 8. 主要風險

*   **技術面失效風險：** RSI嚴重過熱，股價突破布林上軌，短期技術指標已處於極限，隨時可能引發技術性修正或獲利了結賣壓。
*   **基本面不確定性：** 若未來營收或獲利成長不如預期，將無法支撐高估值，導致股價回調。
*   **重大事件：** 財報公佈不如預期、產業景氣反轉或總體經濟數據惡化，都可能對股價造成壓力。

#### 9. 止跌與轉折跡象判斷

*   **尚未止跌**。目前股價正處於強勢上漲並突破布林上軌的狀態，RSI過熱，顯示動能過強而非止跌。止跌通常是指在下跌過程中出現的轉折信號，而目前新日興處於上漲階段，更應關注其是否出現**轉弱或修正**的跡象，目前RSI過熱就是一個重要的警訊。

#### 10. 投資建議

*   **投資建議：** **等待觀察**。
*   **一句話結論 + 3 個關鍵理由 (如開頭所述)：**
    1.  RSI嚴重過熱，短線追價風險極高。
    2.  股價突破布林上軌，有回歸通道的壓力。
    3.  雖然趨勢強勁，但RSI過熱使得這波上漲的健康度存疑。
*   **若是持有狀態，應如何處置：**
    *   建議**分批獲利了結或減碼**，將資金落袋為安。
    *   可考慮將**移動停利點**設定在 MA5 (約 221.1) 或前一日收盤價 (223.0) 附近，若股價跌破並收盤確認，則部分出場。
*   **具體的買賣點位建議：**
    *   **不建議目前買進。**
    *   **考慮買點：** 若股價回落至 MA5 (約 221.1) 或 BBand 中軌 (約 210.15) 附近，並觀察 RSI 降溫至 50-70 區間、MACD 或低週期K線出現止跌訊號，可考慮分批佈局。
    *   **停損點：** 若買進後，股價跌破 MA20 (210.15) 並收盤確認，則應考慮停損。"
"2026-01-09 21:10:47","2497","怡利電","針對怡利電 (2497) 的技術指標數據，以下提供專業分析與投資建議：

---

### 1. 市場趨勢判斷

*   **目前屬於：** **多頭趨勢，但有轉弱或進入盤整的初步跡象。**
*   **判斷依據：**
    *   **均線：** MA5 (53.92) > MA10 (48.18) > MA20 (47.25)，呈現標準多頭排列，顯示中長期趨勢向上。股價 (53.0) 仍位於MA10和MA20之上，但在MA5之下，暗示短期動能有所減弱。
    *   **趨勢方向：** +DI (46.78) 明顯高於 -DI (36.18)，多方仍佔主導地位。
    *   **結構高低點：** 雖然數據未直接提供K線高低點，但股價在BBand中軌之上，且均線呈現多頭排列，整體結構仍為多頭。
*   **趨勢是否健康？是否有轉弱跡象？**
    *   **不健康。** 趨勢雖然是多頭，但健康度不佳。主要基於KD指標已處於極度超買區，BBand寬度極大暗示高波動後的潛在回調，且今日股價在MA5之下，伴隨成交量大幅萎縮，顯示短期買盤追價意願不足，市場可能正醞釀高檔震盪或回調。

### 2. 技術指標解讀

*   **BBand 寬度 (97.07%)：** **代表波動率極度擴張。** BBand寬度接近100%，顯示近期股價經歷了劇烈的波動和上漲，動能強勁。然而，極度擴張的BBand往往也預示著趨勢的末端或即將進入盤整、收斂期，回調風險增高。
*   **RSI (6: 54.84, 14: 53.99)：** 處於**中性偏多區域**，尚未過熱，也沒有背離跡象。相較於KD的超買，RSI顯示股價尚未達到「極度」過熱，可能反應較為鈍化，或表示當前的小幅回調還不足以使其進入超賣區。
*   **KD (K: 87.77, D: 85.62)：** K值和D值均處於**極度超買區 (80以上)**。K值仍在D值之上，形成**黃金交叉**，但此黃金交叉發生在極度超買區，其**有效性存疑**，通常預警市場可能即將面臨修正或反轉，而非持續上漲。昨日K值87.41，今日87.77，上升動能趨緩。
*   **成交量 (今日: 369張, 5日均量: 972張)：** **成交量大幅萎縮，不支持目前價格行為。** 今日成交量遠低於昨日及5日均量，尤其是在股價上漲受阻且KD超買的情況下，量縮顯示市場追價動能不足，買盤承接力道薄弱，容易造成股價無力上漲甚至回落。

### 3. 基本面與消息面

*   **近期營收與成長性評估：** 僅憑提供的技術指標數據，**無法評估**。需查閱公司最新財報、月營收數據、法人說明會資訊等，以判斷其基本面是否能支撐當前股價。
*   **新聞是否為短期題材或中長期利多 / 利空？** 僅憑提供的技術指標數據，**無法判斷**。需追蹤近期市場新聞、產業報告，以了解是否有具體消息面支撐或影響。
*   **市場目前關注焦點是「成長 / 修正 / 不確定性」？** 從技術面看，高波動、超買指標以及量縮，市場可能正處於對前期上漲行情的「**修正**」或「**不確定性**」的階段。投資人可能在等待更明確的方向或回調後的機會。

### 4. Smart Money Concepts 分析 (基於有限數據推測)

**4.1 市場結構（Market Structure）**
*   **高週期結構（HTF）：** 根據均線多頭排列和+DI/-DI，高週期可判斷為「**多頭**」。
*   **是否出現 MSS / CHoCH？** 數據不足以精確判斷結構高低點。但股價未能站穩MA5，且動能減弱，暗示多頭結構可能開始面臨壓力，但尚未確認出現市場結構轉變 (MSS) 或趨勢轉變 (CHoCH)。

**4.2 關鍵 SMC 價格區**
*   **A. 看漲訂單塊（Bullish OB）：**
    *   **價格區間：** MA10 (48.18) 和 BBand 中軌 (20MA, 47.25) 是一個潛在的看漲訂單塊區域。
    *   **形成背景與合理性：** 在多頭趨勢中，這些均線區域通常代表了主力資金的成本區或前次回調的有效支撐，回落至此處可能吸引買盤。
*   **B. 流動性池（Liquidity / SSL / BSL）：**
    *   **可能被獵殺的價位：** 由於股價近期有上漲，下方接近 MA10 (48.18) 或 MA20 (47.25) 的低點，以及這些均線下方的區域，容易累積止損單形成 SSL (Sell-Side Liquidity)。散戶追高後常在此設置止損。
    *   **散戶常見誤區：** 在超買區追高，並將停損設置在近期小支撐下方，容易成為主力向下掃蕩流動性的目標。
*   **C. 看跌失衡區 / 目標位（Bearish FVG）：**
    *   **價格區間：** 數據未提供具體K線，無法判斷精確的FVG。但BBand上限 (70.19) 作為極端價格，以及任何股價快速上漲過程中形成的跳空缺口或單邊強勢K線，都可能形成FVG，成為未來的獲利了結或阻力區。
    *   **是否為潛在壓力或獲利了結區：** 依據KD嚴重超買和BBand寬度極大，目前價格本身就處於高風險的獲利了結區。

**4.3 價值區判斷**
*   **現價位於：** 由於股價處於均線上方、KD超買且BBand寬度極大，現價可判斷為位於「**Premium**」區 (溢價區)，對買方而言價值較低，入場風險較高。

### 5. 多時間框架分析

*   **高週期（日 / 週）：** 均線多頭排列，ADX顯示有趨勢，+DI > -DI，主要方向為「**多頭**」。但KD超買與BBand極度擴張預警潛在回調。
*   **中週期（4H / 1H）：** 根據今日量縮、股價在MA5之下，且KD超買，中週期很可能已經出現「**高檔震盪或初步回調**」的跡象。需要關注關鍵支撐點位的測試。
*   **低週期（15m / 5m）：** 依據今日量縮下跌，低週期很可能已經呈現「**空方動能**」或至少是買盤萎縮。進出場觸發點需等待低週期結構轉強 (例如，在潛在訂單塊處形成ChoCH) 或確認回調結束。

### 6. SMC 操盤劇本

*   **主要劇本（Main Scenario）：等待回調至關鍵支撐並止跌後，尋找多頭機會。**
    *   **等待獵殺：** 等待股價回落，掃蕩近期追高散戶的止損單，尤其是在 MA10 (48.18) 或 MA20/中軌 (47.25) 下方形成的流動性。
    *   **進入訂單塊：** 觀察股價在 MA10 (約48.18) 或 MA20/中軌 (約47.25) 附近是否有帶量止跌K線（如長下影線、吞噬陽線）或低週期市場結構轉變 (ChoCH)。
    *   **進場方向：** 多 (在確認止跌後)。
    *   **停損（SL）：** 設定在有效訂單塊或支撐區下方，例如 MA20 (47.25) 之下一個安全點位 (例如 46.00 或更低)。
    *   **目標價（TP1 / TP2）：**
        *   TP1: 反彈至 MA5 (53.92) 或前高附近。
        *   TP2: 若能突破前高，可觀察 55-60 區間，或等待BBand重新收斂後再次擴張。BBand上限 70.19 雖為極端目標，但應分批獲利了結。
*   **備用劇本（Alternative Scenario）：**
    *   **若結構被破壞，該如何應對？** 若股價跌破 MA20/中軌 (47.25) 且帶量下破，並且未能迅速收復，則多頭結構可能被破壞。應立即止損出場，並評估是否轉為區間盤整或空頭趨勢。若出現明顯看跌的K線組合或低週期 ChoCH，則應保持觀望。

### 7. 交易設定品質評分（0–100）

*   **趨勢一致性：** 70 (高週期雖為多頭，但中低週期有轉弱/修正跡象)
*   **流動性條件完成度：** 40 (目前尚未有效獵殺流動性，仍在高位盤旋，流動性獵殺機會在下方)
*   **OB / FVG 精準度：** 50 (依賴均線作為OB，缺乏具體K線結構確認FVG，尚待回調驗證)
*   **成交量配合度：** 20 (今日量縮不配合，不支持當前多頭動能)
*   **風險報酬比（RR）：** 待定 (目前直接入場風險高，需等待回調至低風險區才能評估較好的RR)

### 8. 主要風險

*   **技術面失效風險：** KD指標嚴重超買，BBand寬度過大，市場情緒一旦轉變，股價可能迅速反轉或急跌，技術指標可能滯後失效。量縮下跌加劇了不確定性。
*   **基本面不確定性：** 缺乏基本面數據，無法判斷公司營運狀況是否能持續支撐股價，若基本面出現利空消息，股價恐承壓。
*   **重大事件：** 即將公佈的財報不如預期、產業景氣反轉、總體經濟數據惡化等，都可能對股價造成重大衝擊。

### 9. 止跌與轉折跡象判斷

*   **尚未止跌**
*   **理由：** 儘管股價今日僅小幅下跌，但伴隨成交量大幅萎縮，顯示買盤承接力道不足。KD指標仍處於極度超買區，賣壓隨時可能加重。尚未看到明顯的帶量止跌K線或低點抬升的止跌訊號。

### 10. 投資建議（擇一）

*   **等待觀察**

**一句話結論 + 3 個關鍵理由：**
由於怡利電 (2497) 目前技術指標顯示高檔過熱且量能嚴重不足，建議「**等待觀察**」，待股價充分回調至關鍵支撐區並出現明確止跌訊號後，再考慮介入。

*   **理由一：** KD指標嚴重超買，BBand寬度極大，股價存在較高的回調風險，不宜追高。
*   **理由二：** 今日股價下跌伴隨成交量大幅萎縮，顯示多頭動能不足且買盤承接意願薄弱，不利於股價持續上漲。
*   **理由三：** 雖然均線多頭排列，但短線MA5已壓制股價，且尚未看到明確的止跌跡象，貿然入場風險較高。

*   **若是持有狀態，應如何處置:**
    若已持有，建議考慮**逢高減碼部分倉位以保護獲利**。同時，將停損點設置在MA20/中軌 (47.25) 附近。一旦股價跌破此關鍵支撐且伴隨明顯放量，應果斷停損出場，避免獲利回吐或擴大虧損。

*   **具體的買賣點位建議（若適用）：**
    *   **潛在買點（等待觀察後）：** 在股價回調至 **MA10 (約48.18)** 或 **MA20/中軌 (約47.25)** 附近時，密切觀察是否有帶量止跌K線（如錘子線、吞噬陽線）或低週期結構轉強訊號，可考慮小量試單。
    *   **停損點：** 若在上述潛在買點入場，停損可設在 MA20 (47.25) 下方，例如 **46.00-46.50** 之間。
    *   **賣出/獲利了結點：**
        *   若股價反彈挑戰 **MA5 (53.92)** 附近受阻，或KD再次進入極度超買區，可考慮部分獲利了結。
        *   長期目標可觀察 **55-60** 區間或等待BBand收斂後再次擴張，但需時刻注意量價配合及基本面變化。BBand上限 (70.19) 作為極端目標，應分批獲利了結，不宜一次性期待。"
"2026-01-09 21:16:10","2497","怡利電","好的，針對怡利電 (2497) 的今日台股技術指標數據，提供專業分析與投資建議如下：

---

### **怡利電 (2497) 今日台股技術指標分析**

---

**1. 市場趨勢判斷**
*   **目前屬於：** **多頭**
*   **判斷依據：**
    *   **均線多頭排列：** MA5 (53.92) > MA10 (48.18) > MA20 (47.25)，顯示中長期趨勢向上。
    *   **股價在中軌之上：** 今日股價 53.0 遠高於 BBand 中軌 (20MA) 47.25，確認多頭格局。
    *   **ADX與DI：** ADX (24.64) 大於 20，表示趨勢明顯；+DI (46.78) 大於 -DI (36.18)，確認目前由多方主導。
*   **趨勢是否健康？是否有轉弱跡象？**
    *   **不健康，已有轉弱跡象。** 雖然中長期趨勢仍為多頭，但短線已出現轉弱訊號：
        *   今日股價 (53.0) 跌破短線 MA5 (53.92)。
        *   KD指標 K值(87.77) 和 D值(85.62) 均處於嚴重超買區，顯示上漲動能已達極限，回檔壓力大。
        *   BBand 寬度 (97.07%) 極度擴張，預示波動率可能收斂，價格有回歸中軌的需求。
        *   今日成交量 (369 張) 相較前一日 (897 張) 及 5 日均量 (972 張) 急劇萎縮，顯示追價買盤力道不足。

**2. 技術指標解讀**
*   **BBand 寬度：** 97.07% (昨日 97.43%)。代表波動率*極度擴張*。這通常發生在股價經歷一波大幅上漲或下跌後，預示著接下來可能進入盤整階段，或出現反轉修正，價格傾向於向中軌回歸。昨日寬度略高，今日略為收斂，可能代表短暫的止漲跡象。
*   **RSI：** RSI(6) 54.84，RSI(14) 53.99。兩者均位於 50-70 的中性偏多區域，顯示目前多頭動能存在但尚未過熱。這與KD指標的超買狀況形成對比，RSI較溫和，暗示可能只是短期過熱，而非極端飆漲。未出現明顯背離。
*   **KD：** K值(87.77)，D值(85.62)。已出現黃金交叉（從昨日 K>D 且今日 K>D 可推斷），但K、D值均已進入**嚴重超買區**。其買進訊號的有效性大幅降低，反而預示著隨時可能出現死亡交叉或回檔修正。
*   **成交量：** 今日 369 張，較前一日及均量顯著萎縮。成交量無法支持當前股價，顯示市場追價意願低落，買盤缺乏動能，**是多頭趨勢不健康的警訊**，可能預示無量上漲後的下跌或無量盤整。

**3. 基本面與消息面**
*   **無法從提供的技術指標數據中評估基本面與消息面。** 需查閱公司財報、營收公告、新聞報導等資訊。
*   **假設性評估（基於一般市場情況）：** 若怡利電屬於近年熱門的車用電子、ADAS或智慧座艙概念股，其成長性可能受到市場期待。然而，在缺乏具體營收和獲利數據下，技術面過熱伴隨量縮，使得市場目前關注焦點更偏向於**「不確定性」與潛在的「修正」**。若近期無實質利多消息支持，股價容易回檔。

**4. Smart Money Concepts 分析 (SMC)**

*   **4.1 市場結構（Market Structure）**
    *   **高週期結構（HTF）：** 根據均線多頭排列和股價在中軌之上，目前判斷為**多頭結構**。價格近期應有突破前高並創出更高的高點 (HH)，但目前短線動能有所疲軟。
    *   **是否出現 MSS / CHoCH？** 尚未出現明確的高週期 MSS (Market Structure Shift) 或 CHoCH (Change of Character) 轉空訊號，但短線價格跌破MA5，且動能不足，應留意低時間框架可能出現轉弱跡象。

*   **4.2 關鍵 SMC 價格區**
    *   **A. 看漲訂單塊（Bullish OB）：**
        *   **價格區間：** 鑒於過去十日內曾觸及下軌，且MA20 (47.25) 和 MA10 (48.18) 構成強勁支撐，一個合理的看漲訂單塊可能存在於 **47.00 - 49.00** 之間。這可能代表機構在突破前累積籌碼的區域。
        *   **形成背景與合理性：** 這是價格在啟動一波上漲行情前，機構資金進場吸籌的區間。當價格回調至此，通常會遇到新的買盤支撐。
    *   **B. 流動性池（Liquidity / SSL / BSL）：**
        *   **可能被獵殺的價位：**
            *   **BSL (Buy Side Liquidity):** 高於 BBand 上限 70.19 的價位，或近期最高點之上。在強勢行情中，價格可能向上獵殺追高者的止損單。
            *   **SSL (Sell Side Liquidity):** 低於 MA10 (48.18) 和 BBand 中軌 (47.25) 的價位，例如 **46.50 或 48.00** 之下。散戶的止損單可能聚集在此，一旦價格跌破，將觸發止損賣壓，為機構提供買入的流動性。
        *   **散戶常見誤區：** 在KD過熱、BBand極寬時追高，並將止損設在關鍵支撐下方不遠處，這些位置容易成為機構獵取流動性的目標。
    *   **C. 看跌失衡區 / 目標位（Bearish FVG）：**
        *   **價格區間：** 目前價格處於多頭趨勢，主要壓力可能來自於前高或 BBand 上限 70.19 附近。若價格開始回檔，則新的高點與隨後的下跌K線之間，可能會形成 Bearish FVG。
        *   **是否為潛在壓力或獲利了結區：** BBand 上限 70.19 是潛在的長期獲利了結區和阻力位。

*   **4.3 價值區判斷**
    *   現價 (53.0) 遠高於 BBand 中軌 (47.25)，且多項指標顯示過熱，判斷現價位於 **Premium (溢價區)**。在此區買入，風險報酬比相對不佳，價格傾向於回調至 Equilibrium (平衡區) 或 Discount (折價區)。

**5. 多時間框架分析**
*   **高週期（日 / 週）：** 日線級別上，均線多頭排列，ADX確認趨勢，整體方向為**多頭**。週線可能也維持多頭趨勢，但需確認量能是否持續。
*   **中週期（4H / 1H）：** 在日線KD過熱的背景下，中週期可能已出現或即將出現回調，形成多頭結構中的回檔，並可能在此過程中形成新的訂單塊或測試舊的支撐。
*   **低週期（15m / 5m）：** 鑒於今日成交量萎縮且股價跌破MA5，低週期可能已呈現弱勢震盪或微幅下跌的狀態，尚未出現明確的止跌或反轉向上訊號。

**6. SMC 操盤劇本**
*   **主要劇本（Main Scenario）：** 鑒於多項指標過熱及量能不足，預計價格將進行**回調或高位盤整**，以消化獲利賣壓和修正過熱指標。
    *   **等待獵殺：** 等待價格回調，獵殺 MA10 (48.18) 或 BBand 中軌 (47.25) 下方的 SSL (Sell Side Liquidity)。
    *   **進入訂單塊：** 待價格回測至 47.00 - 49.00 區間的潛在 Bullish OB，並在低時間框架出現明確的 CHoCH (Change of Character) 或其他買入價格行為確認。
    *   **進場方向：** **多** (逢低做多)。
    *   **停損（SL）：** 訂單塊下方，例如 46.50 (略低於 BBand 中軌)。
    *   **目標價（TP1 / TP2）：** TP1: 挑戰近期高點或 55-58 區間；TP2: 若量能重新放大並突破前高，目標 BBand 上限 70.19。
*   **備用劇本（Alternative Scenario）：**
    *   若結構被破壞：如果價格帶量跌破 BBand 中軌 (47.25) 或更關鍵的 MA20 (47.25)，且 ADX 趨勢轉弱、-DI 向上突破 +DI，則多頭結構可能被破壞，應考慮止損出場，或觀察是否形成新的、更低的訂單塊作為潛在支撐。

**7. 交易設定品質評分（0–100）**
*   趨勢一致性：70 (日線多頭，但短線動能轉弱)
*   流動性條件完成度：50 (目前尚未完成對 SSL 的獵殺，追高會成為流動性提供者)
*   OB / FVG 精準度：60 (OB是推測，FVG尚未出現，需等待價格回調確認)
*   成交量配合度：30 (成交量嚴重不足，不支持當前價格行為)
*   風險報酬比（RR）：60 (現價進場 RR 不佳，需等待回調至低價區進場才能提高 RR)
*   **綜合評分： 54** (目前不適合積極進場，應保持觀望並等待更佳機會)。

**8. 主要風險**
*   **技術面失效風險：** KD指標過熱、BBand極度擴張、成交量萎縮，這些都是強烈的潛在反轉或修正訊號，可能導致短線技術分析判斷失效。
*   **基本面不確定性：** 缺乏基本面數據支撐，若無實質利多消息，股價容易在高檔失去支撐。
*   **重大事件：** 若後續公布財報不如預期、產業景氣反轉或總體經濟數據惡化，可能導致股價快速下跌。

**9. 止跌與轉折跡象判斷**
*   **『尚未止跌』**
*   **理由：**
    1.  KD指標仍在超買區，顯示潛在回檔壓力巨大。
    2.  今日成交量急劇萎縮，顯示買盤承接意願低落，未能有效支撐當前股價，且股價已跌破短線MA5。
    3.  BBand寬度極度擴張，通常預示著波動率收斂或價格回歸中軌，尚未看到明顯的止跌企穩K線形態 (如帶量長下影線、陽線吞噬等)。

**10. 投資建議**
*   **等待觀察**
*   **一句話結論 + 3 個關鍵理由：**
    *   **一句話結論：** 鑑於多項技術指標顯示過熱且量能嚴重不足，短線動能轉弱，建議**等待觀察**，不宜追高，待股價回調至合理支撐區並伴隨量能回溫後再考慮進場。
    *   **3 個關鍵理由：**
        1.  **KD指標嚴重過熱且BBand極度擴張**，價格處於溢價區，預示著潛在的回調風險和波動率收斂壓力。
        2.  **今日成交量顯著萎縮**，未能有效支持當前股價水平，顯示市場買盤追價意願低落，多頭動能不足。
        3.  **股價已跌破短線MA5**，短線動能轉弱，且尚未出現明確止跌訊號。
*   **若是持有狀態，應如何處置：**
    *   建議**減碼或移動止損**至 BBand 中軌 (47.25) 或 MA10 (48.18) 之下，以保護已實現的獲利。若股價進一步帶量跌破中軌，則應考慮全部出場。
*   **請給出具體的買賣點位建議（若適用）：**
    *   **買進建議：** 建議等待股價回調至 **47.00 - 48.50 元** 區間（靠近 MA10 與 BBand 中軌附近），若在此區間觀察到明確的止跌訊號（例如：帶量長下影線、小時間框架的 CHoCH 或吞噬陽線），則可考慮分批輕倉買入。
    *   **賣出建議：** 若持有多單，當股價反彈未能突破近期高點且再次跌破 MA5 (53.92)，或帶量跌破 MA10 (48.18)，則可考慮減碼。若股價帶量跌破 MA20/中軌 (47.25)，應堅決止損。

---"
"2026-01-09 21:18:25","2497","怡利電","好的，針對怡利電 (2497) 的今日台股技術指標數據，以下提供專業的分析與投資建議：

---

### **怡利電 (2497) 今日技術分析與投資建議**

**今日股價: 53.0**

---

### 1. 市場趨勢判斷

*   **目前屬於：** **多頭，但面臨修正壓力**
*   **判斷依據：**
    *   **均線：** 今日股價 (53.0) 位於 MA10 (48.18) 和 MA20 (47.25) 之上，且 MA10 位於 MA20 之上，呈現短中期多頭排列。這顯示股價在過去一段時間內有明顯的回升趨勢。
    *   **結構高低點：** 雖然沒有具體K線圖，但「十日內曾觸及下軌」且股價已大幅反彈至中軌之上，顯示從低點構築反彈結構。
*   **趨勢是否健康？是否有轉弱跡象？**
    *   **不健康，已出現轉弱跡象。** 雖然是多頭趨勢，但股價今日未能站穩 MA5 (53.92)，且 KD 指標嚴重超買，BBand 寬度極度擴張，更關鍵的是成交量大幅萎縮。這些訊號都表明目前多頭動能正在衰竭，潛在回檔風險極高。

### 2. 技術指標解讀

*   **BBand 寬度 (97.07%)：** **代表波動率極度擴張 (Extreme Volatility Expansion)**。這通常發生在股價經歷一段快速上漲或下跌後。極高的寬度暗示市場情緒過於亢奮或恐慌，且預示著接下來可能出現波動率收斂，也就是價格可能進入盤整或反轉。在此為高檔擴張，需提防回檔。
*   **RSI (6): 54.84, RSI (14): 53.99：** 兩者均位於 50-70 的中間偏上區域。目前尚未進入傳統定義的「超買區」(通常 > 70)，但 RSI(6) 較 RSI(14) 略高，顯示短期動能相對較強但已趨緩。目前**無明顯過熱或過冷，也未見背離跡象**。
*   **KD (K: 87.77, D: 85.62)：** K 值與 D 值均遠高於 80，顯示**嚴重超買 (Severely Overbought) 狀態**。雖然 K 值仍大於 D 值，維持**黃金交叉**，但其**有效性在超買區大幅降低**。此時的黃金交叉更應視為警訊，表示隨時可能面臨獲利了結賣壓導致的回檔修正。硬規則也特別註明「黃金交叉但過熱」。
*   **成交量 (今日: 369 張, 5 日均量: 972 張)：** 今日成交量**顯著量縮**，遠低於昨日和五日均量。在高檔出現股價上漲（或橫盤，今日僅小漲0.2）而成交量大幅萎縮，是**動能不足的警訊**，顯示追價買盤意願降低，不支持目前的價格行為。這可能是潛在反轉或修正的前兆，因為缺乏量能的推升，價格難以持續走高。

### 3. 基本面與消息面

*   **由於提供的數據未包含基本面資訊**，無法對怡利電的營收、成長性、本益比等進行評估。
*   **新聞/市場關注焦點：** 在缺乏基本面數據的情況下，技術面呈現的高波動與超買狀況，市場焦點可能暫時從「成長」轉向「**修正**」或「**不確定性**」。若無實質利多支撐，技術面的回檔壓力將會更大。

### 4. Smart Money Concepts 分析

#### 4.1 市場結構 (Market Structure)

*   **高週期結構 (HTF)：多頭 (Bullish)。** 根據價格從低點反彈並站穩中長期均線，顯示高週期上仍處於上漲趨勢。
*   **是否出現 MSS / CHoCH？** 無具體K線圖，無法判斷。但若價格未能有效突破近期高點並持續量縮，或跌破重要支撐，則需留意 CHoCH (Character of Change) 的可能。

#### 4.2 關鍵 SMC 價格區

*   **A. 看漲訂單塊 (Bullish OB)：**
    *   **價格區間：約 47.00 ~ 48.00 元 (MA20 ~ MA10 附近)。**
    *   **形成背景與合理性：** 價格從下軌反彈並站穩 MA10 和 MA20，這些區域可能在當時形成了強勁的買入訂單塊，支撐了後續的上漲。若股價回測此區域，可能尋得支撐。
*   **B. 流動性池 (Liquidity / SSL / BSL)：**
    *   **可能被獵殺的價位：**
        *   **BSL (Buy Side Liquidity)：** 潛在的買方流動性可能位於近期高點之上，例如 **54.00 ~ 55.00 元** (略高於 MA5) 區間，以及更高的 BBand 上限 (70.19)。
        *   **SSL (Sell Side Liquidity)：** 潛在的賣方流動性可能位於下方支撐位，例如 **50.00 元 (心理關口)、47.00 元 (MA20 附近)**，甚至更低。
    *   **散戶常見誤區：** 容易在股價超買、量縮時追高，將停損點設在明顯的均線下方，這些都可能成為 Smart Money 獵殺流動性的目標。
*   **C. 看跌失衡區 / 目標位 (Bearish FVG)：**
    *   **價格區間：若有回檔，50.00 ~ 51.50 元** 之間可能形成失衡區。
    *   **是否為潛在壓力或獲利了結區：** 今日股價 (53.0) 位於溢價區，且 KD 超買、量縮，此價位**極可能是潛在獲利了結區或短期壓力區**。若價格跌破此區域，下方可能存在 FVG，股價可能回補。

#### 4.3 價值區判斷

*   **現價位於：Premium (溢價區)。** 相較於 MA10、MA20 及近期低點，目前價格處於相對高位，買家願意支付較高的價格，但這也意味著潛在的獲利空間縮小，回調風險增高。

### 5. 多時間框架分析

*   **高週期 (日 / 週)：** 主要方向為**多頭**，但可能正在經歷中期修正或回檔。從低點反彈的趨勢仍在，但動能減弱。
*   **中週期 (4H / 1H)：** 呈現出**動能減弱、超買回檔的跡象**。此週期可能已出現高點壓力，甚至開始形成下跌結構。
*   **低週期 (15m / 5m)：** 可能會顯示出多頭買盤力竭、賣壓增強的跡象，例如出現下影線變短、上影線變長、或小型下跌趨勢結構。這是**進出場觸發點**，暗示多頭應考慮止盈，空頭或觀望者等待更好的入場機會。

### 6. SMC 操盤劇本

#### 主要劇本 (Main Scenario)：市場回檔修正

*   **等待獵殺：** 鑑於超買和量縮，等待價格向下跌破短期支撐 (如 52.0 或 50.0)，獵殺散戶停損流動性。或者，若有最後一次上衝，可能短暫突破 54.0-55.0 獵殺上方流動性後快速回落。
*   **進入訂單塊：** 價格回測下方看漲訂單塊，主要關注 **MA10 (約 48.18) 和 MA20 (約 47.25)** 形成的支撐區。在此區域觀察止跌訊號。
*   **進場方向：** **觀望。** 若價格跌至下方 OB 區域 (47.0-48.0) 並出現止跌信號 (如放量陽線、KDJ 於低檔黃金交叉)，可考慮小部位逢低建立多頭。
*   **停損 (SL)：** 若逢低買進，停損可設於看漲 OB 區間下方，例如 **46.00 元**。
*   **目標價 (TP1 / TP2)：** 若在回檔後買入，TP1 可設在回補 FVG 區間的上方 (例如 51.50 元)，TP2 則看能否重新挑戰近期高點 (53.0-54.0)。

#### 備用劇本 (Alternative Scenario)：強勢突破

*   **若結構被破壞，該如何應對？** 若股價能**放量**有效突破並站穩 **54.00 元** (近期高點或 MA5 之上)，且成交量持續放大，則多頭可能延續。此時，需重新評估，並將目光投向 BBand 上限 **70.19 元** 等更高價位的流動性。但目前看來此可能性較低。

### 7. 交易設定品質評分 (0–100)

*   **趨勢一致性：** 65/100 (高週期多頭，但短中期動能減弱，一致性下降)
*   **流動性條件完成度：** 60/100 (上方流動性有待驗證，下方流動性可能被獵殺)
*   **OB / FVG 精準度：** 50/100 (缺乏 K 線圖，OB/FVG 僅為推測，精準度有限)
*   **成交量配合度：** 30/100 (高檔量縮，非常不配合，是主要警訊)
*   **風險報酬比 (RR)：** 40/100 (目前價格位於溢價區，下行風險大於上行空間，RR 不佳，需等待回檔改善)
*   **綜合評分：約 50/100 (中偏低，不適宜積極操作)**

### 8. 主要風險

*   **技術面失效風險：** KD 指標在高檔可能鈍化後持續上漲，但這種情況往往伴隨極高風險。量縮後也可能出現急拉，但缺乏支撐的漲勢難以持久。
*   **基本面不確定性：** 缺乏基本面數據，若公司基本面並無實質利多，則股價純粹受技術面或短期題材驅動，更容易受到市場情緒影響而急漲急跌。
*   **重大事件：** 未知的公司財報、法說會、產業政策變動或總體經濟數據都可能迅速改變股價走勢。
*   **市場情緒風險：** 大盤若出現系統性風險或修正，此類高波動、漲幅較大的個股更容易成為資金調節的目標。

### 9. 止跌與轉折跡象判斷

*   **尚未止跌。**
*   **理由：**
    1.  **KD 指標嚴重超買：** 顯示目前多頭動能已過度擴張，回檔風險高。
    2.  **成交量在高檔顯著萎縮：** 缺乏量能支撐，價格難以持續上攻，顯示買盤追價意願低迷。
    3.  **BBand 寬度極度擴張：** 通常預示波動率將收斂，可能伴隨價格修正。
    4.  **價格未能站穩 MA5：** 今日收盤價略低於 MA5，顯示短期上漲動能已開始減弱。

### 10. 投資建議

*   **等待觀察**
*   **一句話結論 + 3 個關鍵理由：**
    **建議等待觀察，切勿追高，因為目前動能衰竭且超買風險極高，價格位於溢價區，缺乏明確買入訊號。**
    1.  **動能衰竭與超買訊號：** KD 指標嚴重超買，且成交量在高檔顯著萎縮，顯示上漲動能不足，回檔風險大增。
    2.  **價格位於溢價區 (Premium Zone)：** 現價相對 MA10/MA20 偏高，且 BBand 寬度極度擴張，不適合作為新的買入點位。
    3.  **缺乏明確買入訊號：** 雖然短期均線多頭排列，但硬規則判定為「No BUY」，且多數指標呈現警訊，綜合判斷建議等待。

*   **若是持有狀態，應如何處置：**
    *   **建議逢高部分減碼或提高停利點。** 可將停利點設在 **50.00 元** (心理關卡或潛在 FVG 底部) 或 **48.18 元 (MA10)**。若跌破 MA10，建議全部停利出場，避免回吐獲利。

*   **具體的買賣點位建議：**
    *   **買進 (等待)：** 建議耐心等待股價回檔至更健康的區間，例如 **MA10 (約 48.18 元) 或 MA20 (約 47.25 元) 附近**。在此區間觀察是否出現放量止跌、KDJ 低檔黃金交叉等確認的止跌訊號後，再考慮小部位佈局。
    *   **賣出 (考慮)：** 若短期內無法重新站回 **MA5 (53.92 元)** 並帶量突破，且跌破 **52.00 元** (今日收盤價附近或短期支撐)，可考慮部分獲利了結。若跌破 **MA10 (48.18 元)**，則應考慮全部出場。"
"2026-01-09 21:23:57","2497","怡利電","好的，這是一份針對「怡利電 (2497)」今日台股技術指標數據的專業分析與投資建議，綜合布林通道、RSI、KD、ADX、成交量以及 Smart Money Concepts (SMC) 等指標。

---

**怡利電 (2497) 今日技術指標綜合分析與投資建議**

**1. 市場趨勢判斷**
*   **目前屬於：** **多頭趨勢，但已出現潛在轉弱與修正跡象。**
*   **判斷依據：**
    *   **均線：** 今日股價 (53.0) 位於所有短期均線 (MA5: 53.92, MA10: 48.18, MA20: 47.25) 之上，且均線呈現多頭排列 (MA5 > MA10 > MA20)，顯示短期趨勢向上。股價也位於布林通道中軌 (47.25) 之上。
    *   **ADX：** ADX (24.64) 雖然略低於昨日，但仍維持在20以上，且 +DI (46.78) 顯著高於 -DI (36.18)，表明目前多方力量仍主導市場，趨勢正在發展。
*   **趨勢是否健康？是否有轉弱跡象？**
    *   **不健康。** 趨勢動能雖然向上，但已出現明顯的轉弱跡象：
        *   **成交量萎縮：** 今日成交量 (369 張) 相較前一日 (897 張) 大幅萎縮，且遠低於 5 日均量 (972 張)，顯示價格上漲缺乏量能支持，追價買盤力道不足。
        *   **KD 過熱：** K 值 (87.77) 和 D 值 (85.62) 均處於嚴重超買區 (80以上)，隨時有修正風險。
        *   **BBand 寬度極端擴張：** BBand 寬度 (97.07%) 極高，顯示股價波動劇烈，通常在極端波動後會進入盤整或回調。

**2. 技術指標解讀**
*   **BBand 寬度：** 97.07% (極度擴張)。這代表 **波動率極度擴張**，通常發生在股價經歷一波強勁上漲或下跌後。極高的寬度暗示市場可能已經過度反應，接下來很可能進入 **收斂、盤整或反轉回調** 階段。
*   **RSI (6/14)：** RSI(6) 54.84, RSI(14) 53.99。兩者均在 50-70 的中性偏多區間，**尚未達到傳統意義上的過熱 (通常指70以上)**。這表示股價雖有上漲，但RSI尚未發出極端超買信號，相對KD而言，RSI仍有上升空間，但需注意其變化趨勢。目前沒有明顯背離跡象。
*   **KD (9, 3)：** K 值 87.77, D 值 85.62。**KD指標處於嚴重過熱區**。雖然是黃金交叉後的延續，但已進入極端超買狀態。短期內出現死亡交叉或價格回調的機率大增，不適合追高。其有效性在提醒短線回檔風險非常高。
*   **成交量：** 今日 369 張，相較昨日 897 張與 5 日均量 972 張，**大幅量縮**。這是一個 **非常不利的訊號**。價格微幅上漲但量能急縮，構成 **價量背離**，表明當前上漲動能不足，籌碼鬆動或買盤觀望，支撐力道薄弱，很可能預示著回檔修正。

**3. 基本面與消息面**
*   **近期營收與成長性評估：** 根據提供的數據，無法直接評估基本面。但怡利電主要業務為車用電子，包含ADAS、HUD等，受惠於智慧車與電動車趨勢，長期成長潛力仍在。然而，股價短期的大幅波動可能已充分反映部分利多預期。
*   **新聞是否為短期題材或中長期利多 / 利空？** 未提供具體新聞，無法判斷。但若近期有強勢上漲，很可能是因短期題材（如新訂單、車用展覽題材）或市場對未來展望的樂觀預期推升。
*   **市場目前關注焦點：** 鑒於技術面的「極度過熱」和「量縮」，市場可能正從「成長」預期轉向「修正」或「不確定性」。投資人可能會開始檢視基本面是否能支撐高股價，並對短期風險提高警覺。

**4. Smart Money Concepts 分析**

*   **4.1 市場結構（Market Structure）**
    *   **高週期結構（HTF）：** 根據均線多頭排列和股價位置，HTF 仍處於 **多頭結構 (Bullish)**。
    *   **是否出現 MSS / CHoCH？** 數據顯示股價在均線上強勢運行，可能經歷了 **市場結構延續 (BOS - Break of Structure)**。然而，目前的量縮和過熱指標，預示著在較低時間框架上，可能正在形成 **市場結構轉換 (CHoCH - Change of Character)** 或 **市場結構位移 (MSS - Market Structure Shift)**，從而導致短期回調。

*   **4.2 關鍵 SMC 價格區**
    *   **A. 看漲訂單塊（Bullish OB）：**
        *   **價格區間：** 根據均線和布林中軌，潛在的 Bullish OB (需求區) 可能位於 **46.50 - 48.50 元** 區間。此區間涵蓋了 MA10 (48.18) 和 MA20 (47.25)，以及昨日布林中軌 (46.82)。這是一個過去主力累積買盤，導致價格向上突破的區域。
        *   **形成背景與合理性：** 在這波上漲啟動前，此區域可能存在大量機構買入訂單，一旦價格回調至此，容易獲得支撐並吸引新的買盤。
    *   **B. 流動性池（Liquidity / SSL / BSL）：**
        *   **可能被獵殺的價位：**
            *   **SSL (Sell-Side Liquidity)：** 鑒於短期趨勢可能回調，下方最近的流動性池可能在 **45.00 - 46.00 元** 區間，即潛在 Bullish OB 的下方。若價格跌破此OB，會獵殺在此區間下方設置止損的散戶多單。歷史上「十日內曾觸及下軌」的低點，也可能成為另一個較深的 SSL 目標。
            *   **BSL (Buy-Side Liquidity)：** 上方潛在的流動性池可能在近期高點上方，例如 **55.00 元** 或布林上限 **70.19 元** 附近。這些是散戶可能設置止盈或主力可能誘多後出貨的區域。
        *   **散戶常見誤區：** 追高買入，止損設置過近，容易在價格回調至 OB 之前被流動性獵殺出局。
    *   **C. 看跌失衡區 / 目標位（Bearish FVG）：**
        *   **價格區間：** 鑒於近期價格快速上漲，可能在 **50.00 - 52.00 元** 附近形成了部分 Bearish FVG (供給區)，即快速拉升過程中未被有效交易的區域。這些區域可能在價格回調時被「填補」，形成短期壓力或獲利了結點。
        *   **是否為潛在壓力或獲利了結區：** 是。現價 53.0 已經接近或位於此類 FVG 上方，加上量縮，容易觸發獲利了結賣壓。

*   **4.3 價值區判斷**
    *   現價 53.0 元，顯著高於布林中軌 (MA20: 47.25 元)。這意味著價格目前處於其近期波動區間的 **Premium (溢價區)**。在溢價區追高風險較大，通常智慧資金會等待價格回調至 **Discount (折價區)** 或 **Equilibrium (平衡區)** (例如布林中軌附近) 才考慮買入。

**5. 多時間框架分析**
*   **高週期（日 / 週）：** 目前日線圖顯示多頭趨勢，股價在均線之上運行。週線圖可能也是向上，但需要確認。但日線層面的過熱指標和量能背離，預示高週期可能即將面臨修正。
*   **中週期（4H / 1H）：** 預計中週期圖表已開始顯示動能減弱、形成較高的低點或出現 bearish divergence (看跌背離)，預示回調的開始。可能會看到價格向下方關鍵支撐尋求測試。
*   **低週期（15m / 5m）：** 低週期圖表可能已經出現 market structure shift (MSS) 或 CHoCH，從多頭轉為空頭，並正在形成較低的低點和較高的低點，以及填補 FVGs。在低週期上尋找短期賣出或回調做多的機會。

**6. SMC 操盤劇本**

*   **主要劇本（Main Scenario）：等待回調至 Bullish OB 區間尋找買入機會**
    *   **等待獵殺：** 由於目前股價處於溢價區且量縮、KD過熱，智慧資金預計會等待價格回調，獵殺那些在近期高點追高的散戶止損單 (SSL)。
    *   **進入訂單塊：** 等待價格回調至潛在的 **Bullish OB 區間 (46.50 - 48.50 元)**。在此區間觀察價格行為，尋找明確的止跌信號（如帶量長下影線、吞噬形態、低時間框架的CHoCH或BOS）。
    *   **進場方向：** 多 (Long)。
    *   **停損（SL）：** 設定在 Bullish OB 區間下方，例如 **45.00 元**。
    *   **目標價（TP1 / TP2）：**
        *   **TP1:** 回測近期高點 **53.00 - 55.00 元** 區間。
        *   **TP2:** 若趨勢延續，挑戰布林通道上限 **70.19 元** (需觀察量能配合)。

*   **備用劇本（Alternative Scenario）：多頭結構被破壞，趨勢轉弱**
    *   **若結構被破壞，該如何應對？** 若價格未能有效在 Bullish OB 區間 (46.50 - 48.50 元) 獲得支撐，反而 **帶量跌破 45.00 元** 甚至更低，且跌破 MA20 (47.25)，則顯示多頭結構已被破壞。此時應立即停止任何多頭操作，考慮清倉，或觀望等待新的底部結構形成。下方潛在支撐可能更低，例如 40.00 - 42.00 元。

**7. 交易設定品質評分（0–100）**
*   **趨勢一致性：** 70 (高週期多頭，但中低週期已現疲態和量能背離，一致性下降)
*   **流動性條件完成度：** 40 (目前流動性獵殺可能發生在下方，但尚未完成)
*   **OB / FVG 精準度：** 65 (根據均線和中軌推斷，需圖表驗證)
*   **成交量配合度：** 20 (嚴重不足，負面影響巨大)
*   **風險報酬比（RR）：** 75 (若能成功在 Bullish OB 處進場，RR 值相對良好)
*   **總評：** **54/100** (整體而言，目前進場風險較高，需等待更佳條件。)

**8. 主要風險**
*   **技術面失效風險：** 在量縮且KD過熱的情況下，即使是多頭排列的均線也可能迅速失效，價格可能出現快速下跌。
*   **基本面不確定性：** 若缺乏實質利多支撐，或未來營收、獲利不如預期，高估的股價將面臨修正壓力。
*   **重大事件：** 大盤系統性風險、公司法說會或財報結果、產業政策變化等都可能引發股價大幅波動。

**9. 止跌與轉折跡象判斷**：
*   **尚未止跌。**
*   **理由：** 今日股價雖然微漲，但成交量大幅萎縮是嚴重的警訊，加上 KD 指標處於極端超買區，以及布林通道寬度過大。這些都指向股價在短期內仍面臨較大的回調或盤整壓力，缺乏明確的止跌跡象。需要看到帶量止跌K線、低點不再破低、或指標降溫後再考慮。

**10. 投資建議**
*   **等待觀察。**
*   **一句話結論 + 3 個關鍵理由：** 鑑於目前成交量急縮、KD指標嚴重過熱且布林通道極度擴張，建議『等待觀察』，不宜追高。
    *   **理由一：成交量背離，上漲動能不足。** 今日量縮近60%且遠低於均量，顯示買盤追價意願薄弱，上漲缺乏實質支持，短期有回檔風險。
    *   **理由二：KD指標嚴重過熱，有回檔修正風險。** K值和D值均在85以上，處於極端超買區，隨時可能出現修正，甚至死亡交叉。
    *   **理由三：布林通道寬度極度擴張，預示波動率可能收斂。** BBand寬度高達97.07%，顯示股價可能已脫離常態波動，接下來可能進入盤整或回調，尋求中軌支撐。

*   **若是持有狀態，應如何處置:**
    *   **建議部分獲利了結或調高止盈點。** 考慮在目前價格（53.0元）附近或小幅上漲時，先賣出部分持股以鎖定收益，降低風險。
    *   密切觀察成交量變化及價格行為。若後續出現帶量長黑K跌破 MA5 (53.92) 或 MA10 (48.18)，應考慮大幅減碼甚至清倉。將止損位設在 MA10 (48.18) 或 MA20 (47.25) 附近，一旦跌破立即執行。

*   **具體的買賣點位建議（若適用）:**
    *   **不建議目前價位 (53.0元) 買進。**
    *   **若考慮買進，需耐心等待股價回調至潛在的 Bullish OB (看漲訂單塊) 區間，即 **46.50 - 48.50 元** (接近 MA10/MA20 支撐)。在此區間觀察是否有明確的帶量止跌或反轉 K 棒出現，再考慮分批進場。
    *   **止損點：** 若在回調後買進，可將止損設定在 Bullish OB 區間下方，例如 **45.00 元** 左右。
    *   **賣出/止盈點：** 若現有持股，可考慮在 **53.00 元以上 (例如 55.00 元)** 逐步獲利了結，或待股價帶量跌破 MA5 (53.92 元) 時減碼。更長期的目標雖然是 BBand 上限 70.19 元，但在當前風險下，應以保守策略為主。"
"2026-01-09 21:43:32","3376","新日興","好的，針對新日興 (3376) 的技術指標數據，提供專業分析與投資建議如下：

---

### **新日興 (3376) 技術分析與投資建議**

**1. 市場趨勢判斷**
*   **目前屬於：** 多頭
*   **判斷依據：**
    *   **均線：** MA5 (221.1) > MA10 (212.05) > MA20 (210.15)，呈現明確的多頭排列，且股價 (228.5) 遠高於所有短期均線，顯示強勁的上漲動能。
    *   **布林通道：** 股價已突破布林通道上限 (226.11)，且布林通道中軌 (20MA) 昨日為209.02，今日升至210.15，顯示中軌向上移動，趨勢偏多。
    *   **ADX/DI：** ADX為23.06且持續上升 (昨日21.06)，表示趨勢強度正在增強。+DI (33.04) 遠大於 -DI (11.29)，確認目前為多方主導的趨勢。
*   **趨勢是否健康？是否有轉弱跡象？**
    *   趨勢非常強勁且健康，成交量也配合放大。然而，**短線來看有過熱跡象**。股價突破布林通道上軌，且RSI指標嚴重超買，KD指標也處於高檔，預示短線可能面臨修正或盤整壓力。目前尚未有轉弱跡象，但有過度延伸的風險。

**2. 技術指標解讀**
*   **BBand 寬度：** 今日為 15.19% (昨日 13.04%)。寬度顯著擴張，代表**波動率擴張**，趨勢強勁且正在加速。股價突破上軌，顯示短期漲勢過猛。
*   **RSI：** RSI(6) 為 88.17，RSI(14) 為 71.2。兩個指標都**嚴重過熱**，尤其是RSI(6)逼近90，預示短線隨時可能出現獲利了結賣壓或回檔修正。目前無法判斷背離，但高檔超買是明顯警訊。
*   **KD：** K值(74.22) 雖略低於昨日 (74.42)，D值(62.42) 則上升 (昨日56.52)。KD仍維持黃金交叉且K>D，呈現多頭格局，但K值停滯並未繼續上揚，D值持續追趕，顯示上漲動能略有減緩跡象，且位於高檔超買區。有效性：在強勢趨勢中KD可能鈍化，但與RSI過熱訊號結合，修正機率大增。
*   **成交量：** 今日成交量12272張，顯著高於昨日8286張及5日均量9466張。**成交量放大支持目前價格上漲行為**，顯示有資金追價。但結合股價突破上軌和RSI過熱，需警惕這可能是**竭盡性買盤**或短期高點的爆量。

**3. 基本面與消息面**
*   **近期營收與成長性評估：** (數據未提供，此處假設性分析) 股價如此強勁，通常背後有良好的基本面支持，例如近期營收強勁成長、獲利優於預期，或受惠於產業趨勢（如AI伺服器、散熱模組等）。
*   **新聞是否為短期題材或中長期利多/利空？** (數據未提供，此處假設性分析) 若有新聞面刺激，需判斷是短期題材（如特定客戶訂單）還是具備中長期成長潛力的結構性利多。目前這類急漲通常伴隨短期題材炒作。
*   **市場目前關注焦點是「成長 / 修正 / 不確定性」？** 在此價位，市場對新日興的關注焦點是**「成長」**潛力，但同時也存在因股價過度上漲而導致的**「修正」**風險，故也帶有**「不確定性」**。

**4. Smart Money Concepts 分析**

*   **4.1 市場結構（Market Structure）**
    *   **高週期結構（HTF）：** 根據均線排列和強勁漲勢，HTF為明確的**多頭**結構。
    *   **是否出現 MSS / CHoCH？** 目前強勢上漲，尚未觀察到MSS (Market Structure Shift) 或 CHoCH (Change of Character) 的看跌信號。

*   **4.2 關鍵 SMC 價格區**
    *   **A. 看漲訂單塊（Bullish OB）：**
        *   **價格區間：** 從數據來看，股價在十日內曾觸及下軌 (接近194.19) 後強勁反彈，且20MA (210.15) 和MA10 (212.05) 形成良好支撐。因此，在 **205-215** 區間（接近MA10/20MA附近）可能存在日線級別的 Bullish OB。
        *   **形成背景與合理性：** 價格在經歷一段回調後，於該區間受到大量買盤支撐，並開始發動強勁上漲。
    *   **B. 流動性池（Liquidity / SSL / BSL）：**
        *   **可能被獵殺的價位：** 目前股價處於高位，之前可能已獵殺了近期高點上方的 Buy-side Liquidity (BSL)。短線追高者的止損單 (Sell-side Liquidity, SSL) 可能會在220-225或MA5之下形成。長期來看，下方200-210區間若回調可能再次積累SSL。
        *   **散戶常見誤區：** 在RSI過熱且股價突破布林上軌時追高，將止損設在過於接近現價的下方支撐位，容易被回檔掃停損。
    *   **C. 看跌失衡區 / 目標位（Bearish FVG）：**
        *   **價格區間：** 由於目前是強勢上漲，形成的是上漲缺口 (BISI)。但目前股價突破布林上軌，RSI過熱，可以將目前高點區域視為一個**潛在的 Bearish FVG 形成區**，即賣方力量可能在此聚集。
        *   **是否為潛在壓力或獲利了結區：** 是的，股價在布林通道上軌之上、RSI嚴重過熱，這本身就是一個**強烈的潛在壓力區和獲利了結區**。

*   **4.3 價值區判斷**
    *   **現價位於：** **Premium (溢價區)**。股價遠高於均線和布林中軌，且所有震盪指標都處於超買區，顯示目前價格相對於其「公允價值」而言已顯著偏高。

**5. 多時間框架分析**
*   **高週期（日 / 週）：** 日線顯示強勢多頭，但短線嚴重過熱。若週線也呈現相似的極端超買狀態，則高週期也有修正需求，只是修正的幅度與時間可能更長。主要方向：**多頭，但面臨短期修正壓力。**
*   **中週期（4H / 1H）：** 中週期圖表很可能已經呈現非常陡峭的漲勢，甚至可能出現頂部背離（需查看實際圖表確認），預示短線回調的可能性極高。關鍵結構：關注前波突破區塊或未被回補的FVC作為潛在支撐。
*   **低週期（15m / 5m）：** 低週期可能已出現動能衰竭或回調訊號。目前不適合在低週期追高。若考慮進場，需等待低週期回調後，於重要的支撐區出現止跌反轉K線訊號。

**6. SMC 操盤劇本**

*   **主要劇本（Main Scenario）：等待回調至價值區，尋找多方進場機會。**
    *   **等待獵殺：** 等待價格回落，獵殺短線追高者在近期低點或MA5下方的止損 (Sell-side Liquidity)。
    *   **進入訂單塊：** 等待價格回調至日線級別的 Bullish OB 區間 (約 **205-215**)，或在該區間附近觀察止跌反轉K線和成交量萎縮後再放大的訊號。
    *   **進場方向：** 多方。
    *   **停損（SL）：** 若在210-215區間進場，停損可設在 Bullish OB 下方，例如跌破205或前波低點之下。
    *   **目標價（TP1 / TP2）：** 回調止穩後若能再次向上攻擊，TP1 可看前高 228.5 或挑戰 235-240。TP2 則需根據後續趨勢動能和市場情緒判斷。

*   **備用劇本（Alternative Scenario）：若多頭結構被破壞，則轉為觀望甚至空方操作。**
    *   若價格放量跌破日線20MA (210.15) 甚至跌破先前觸及下軌的低點 (約194附近)，且無法迅速收復，則表示多頭結構可能已被破壞。此時應立即停止多方操作，觀望市場動向，甚至可考慮進行空方佈局（但需謹慎評估風險）。

**7. 交易設定品質評分（0–100）**
*   **趨勢一致性：** 85 (日線強多頭，但短線過熱)
*   **流動性條件完成度：** 40 (目前高點，上方流動性可能已被掃，下方回調流動性尚未出現，非理想進場時機)
*   **OB / FVG 精準度：** 60 (能推斷潛在OB區，但現價離OB過遠，需等待)
*   **成交量配合度：** 75 (成交量配合上漲，但有過熱疑慮)
*   **風險報酬比（RR）：** 30 (目前追高，止損較遠且目標不明確，RR極差)
*   **綜合評分 (針對「目前」進場而言)：50** (趨勢雖強，但進場時機極差，風險過高)

**8. 主要風險**
*   **技術面失效風險：** 在極端超買情況下，雖然RSI/KD等指標可能鈍化，但通常只會延遲修正，而非取消修正。最大風險是因過熱而引發急劇的獲利了結賣壓。
*   **基本面不確定性：** 若缺乏實質利多支撐，純粹的資金炒作可能導致股價快速修正。
*   **重大事件：** 財報不如預期、法說會展望轉趨保守、或整體大盤回調，都可能成為觸發股價修正的導火線。

**9. 止跌與轉折跡象判斷**
*   **尚未止跌**。理由：目前股價仍處於強勢上漲並突破布林上軌，並未出現下跌後的止跌訊號。RSI嚴重過熱，顯示短期仍有修正風險，目前處於「上漲中」而非「止跌」階段。

**10. 投資建議**

*   **一句話結論 + 3 個關鍵理由：** **等待觀察**。
    1.  **RSI指標嚴重過熱：** 短線修正壓力大，盲目追高風險報酬比不佳。
    2.  **股價突破布林通道上軌：** 表示股價過度延伸，通常會回歸通道或進行修正/盤整。
    3.  **多頭趨勢雖強勁但非理想買點：** 雖然大方向為多頭，但目前價位處於溢價區，不適合追高。

*   **若是持有狀態，應如何處置：**
    *   **分批獲利了結：** 鑑於RSI過熱和股價突破布林上軌，這是短線獲利了結的良好時機，可考慮先了結部分或大部分獲利，降低持倉風險。
    *   **嚴格設定移動止損：** 將止損點上移至關鍵支撐位，例如：跌破MA5 (221.1) 或跌回布林上軌 (226.11) 之下，立即出場。
    *   **觀望：** 若無資金壓力，可觀望股價是否能在短期修正後於MA10或20MA附近獲得支撐，並再次發動攻勢。

*   **具體的買賣點位建議：**
    *   **買進建議：** 目前不建議買進。若要建立新倉，需等待股價回調至較健康的支撐位，例如在 **205-215 區間** (接近MA10/20MA或潛在 Bullish OB 區域)，且伴隨成交量縮小、止跌K線（如錘子線、吞噬陽線）及RSI回歸正常區間等訊號時，再考慮分批進場。
    *   **賣出建議：** 若是短線持有多單，今日股價突破布林上軌且RSI過熱是理想的賣出時機。可考慮在 **228.5 以上** 分批賣出。對於中長線持有者，可設定跌破MA5 (221.1) 或布林上軌 (226.11) 作為觸發減碼或獲利了結的條件。"
"2026-01-09 21:59:17","2497","怡利電","好的，這是一份針對怡利電 (2497) 今日技術指標數據的專業分析與投資建議，結合傳統技術指標與 Smart Money Concepts (SMC) 進行判斷。

---

### **怡利電 (2497) 今日台股技術指標分析與投資建議**

**技術指標數據摘要：**
*   **今日股價:** 53.0
*   **均線多頭排列:** MA5(53.92) > MA10(48.18) > MA20(47.25)
*   **股價高於中軌:** 53.0 > 47.25
*   **BBand 寬度:** 97.07% (極度擴張)
*   **RSI(6/14):** 54.84 / 53.99 (中性偏多)
*   **KD(K/D):** 87.77 / 85.62 (過熱，黃金交叉)
*   **ADX:** 24.64 (趨勢強度中等，多方主導)
*   **成交量:** 369 張 (大幅萎縮)
*   **硬規則判斷結果:** 綜合分數 8，簡易買賣訊號 **No BUY** (原因為BBand過熱、成交量無量、KD黃金交叉但過熱)。

---

### **1. 市場趨勢判斷**

*   **目前屬於：** **多頭趨勢，但已出現潛在轉弱與回調風險。**
*   **判斷依據：**
    *   **均線：** MA5 > MA10 > MA20 呈現標準多頭排列，且今日股價 53.0 高於所有短期均線，顯示短期趨勢向上。
    *   **ADX/DI：** ADX 24.64 仍處於趨勢區間，且 +DI (46.78) 顯著高於 -DI (36.18)，表明多方主導。
    *   **結構：** 股價自「十日內曾觸及下軌」後反彈，形成上漲結構。
*   **趨勢是否健康？是否有轉弱跡象？** **不健康。** 雖然是多頭趨勢，但伴隨著 **KD指標極度過熱 (K=87.77, D=85.62)**、**成交量大幅萎縮 (369張，遠低於均量)** 以及 **BBand寬度極度擴張 (97.07%)**。這些跡象都顯示目前的上漲動能已經過度延伸，追價意願降低，多頭力量有衰竭的可能，存在較高的回調風險，是明顯的轉弱跡象。

### **2. 技術指標解讀**

*   **BBand 寬度：** 97.07%，顯示波動率**極度擴張**。這通常發生在股價經歷劇烈上漲或下跌後，表明市場正在形成一個強勁的趨勢。然而，若伴隨其他過熱訊號 (如KD)，則可能預示價格已過度延伸，短期內面臨回調或盤整壓力。
*   **RSI：** RSI(6) 54.84，RSI(14) 53.99。兩者均處於中性偏多區域，**尚未達到過熱區 (>70)**。這與KD過熱形成對比，可能意味著儘管短期漲幅較大，但並非連續性的暴衝，或者在相對高點的交易時間不長，RSI尚未完全反映超買狀態。
*   **KD：** K值 87.77，D值 85.62。呈現黃金交叉，但兩值均處於**極度超買區 (K/D > 80)**。儘管是買進訊號，但在過熱區其有效性大打折扣，預示股價可能隨時面臨修正壓力。KD值的持續高檔鈍化若未能伴隨量能持續放大，往往是反轉的預兆。
*   **成交量：** 今日成交量 369 張，相較昨日 897 張及 5 日均量 972 張**大幅萎縮**。這是最需要警惕的訊號之一。股價上漲卻量能不足，形成**量價背離**，顯示追價意願低落，多頭動能減弱。這種情況下，股價上漲缺乏堅實基礎，很容易出現回調。

### **3. 基本面與消息面**

*   **近期營收與成長性評估：** 由於數據未提供，需調閱怡利電（2497）近期的月營收、季報及年報。關注其在車用電子（如HUD、先進駕駛輔助系統ADX等）的訂單狀況、出貨量及產品組合。若營收持續成長且優於預期，則能為股價提供基本面支撐；反之，若無基本面支撐，則純粹的技術面反彈難以持久。
*   **新聞是否為短期題材或中長期利多 / 利空？** 需留意近期是否有關於怡利電的新聞，例如新訂單、新產品發表、技術突破、法人動態等。判斷這些消息是屬於短期炒作題材（如特定車種熱銷）還是能改變公司長期價值的中長期利多。若無明顯利多消息，目前的漲勢可能更多來自於市場情緒或資金短期流動。
*   **市場目前關注焦點是「成長 / 修正 / 不確定性」？** 根據目前的技術面，市場可能正處於對「短期漲勢是否過度延伸」的**修正觀望階段**。特別是量縮價漲、KD過熱的情況，增加了短期走勢的**不確定性**，投資者可能會傾向等待更明確的訊號。

### **4. Smart Money Concepts 分析**

*   **4.1 市場結構（Market Structure）**
    *   **高週期結構（HTF）：** 多頭。基於均線多頭排列和+DI主導，整體趨勢向上。從「十日內曾觸及下軌」後反彈，可能已完成低點的CHoCH (Change of Character) 轉向上漲結構。
    *   **是否出現 MSS / CHoCH？** 無K線圖無法精確判斷。但若從下軌反彈向上打破了之前的下降次級結構，則可能為CHoCH。目前股價處於相對高點，需警惕若下跌未能守住關鍵低點，可能形成MSS (Market Structure Shift) 轉為空頭結構。
*   **4.2 關鍵 SMC 價格區** (假設存在)
    *   **A. 看漲訂單塊（Bullish OB）：**
        *   **價格區間：** 根據「十日內曾觸及下軌」以及MA20 (47.25)，一個合理的看漲OB可能位於 **45.0 - 47.0** 之間。這可能是在價格觸及下軌後， Smart Money 介入並開啟反彈的區域。
        *   **形成背景與合理性：** 價格在該區間經歷放量下跌後迅速反彈，留下未填補的買方流動性，形成了一個未緩解的訂單塊。
    *   **B. 流動性池（Liquidity / SSL / BSL）：**
        *   **可能被獵殺的價位：** 由於近期上漲，短期內最有可能被獵殺的是**下方流動性 (Sell Side Liquidity, SSL)**，即近期反彈過程中的次級低點，例如 **50.0 (整數關卡) 或 48.0 (接近MA10)**。 Smart Money 可能會將價格推低至這些點位，以清理散戶止損單。
        *   **散戶常見誤區：** 在上升趨勢中，散戶傾向追高，並將止損設在近期小低點下方，這些止損單成為 Smart Money 獵殺的目標。
    *   **C. 看跌失衡區 / 目標位（Bearish FVG）：**
        *   **價格區間：** 無K線圖無法判斷。但若之前有快速上漲或跳空缺口，可能在 **55.0 - 58.0** 之間存在 Bearish FVG。
        *   **是否為潛在壓力或獲利了結區：** 這些區域往往是價格上漲面臨阻力的地方，因為 Smart Money 可能在此區開啟空頭頭寸，或之前在此區套牢的多單會選擇在此解套。BBand 上限 70.19 也是一個極端的理論目標位。
*   **4.3 價值區判斷**
    *   **現價位於：** **Premium Zone (溢價區)**。股價 53.0 遠高於 BBand 中軌 47.25，且 KD 指標過熱，BBand 寬度極大。這表明目前價格相對於近期平均價值而言已處於高位，風險相對較高。

### **5. 多時間框架分析**

*   **高週期（日 / 週）：** 日線呈現多頭排列，但量價背離、KD過熱顯示日線級別動能不健康。若週線圖也呈現多頭，則整體趨勢仍偏多，但日線的回調將是健康的回踩。
*   **中週期（4H / 1H）：** 若日線高檔震盪或回檔，中週期會率先出現弱勢結構（例如跌破次級結構低點形成 MSS）。需觀察中週期價格能否回測並守住看漲訂單塊，以確認多頭結構的健康性。
*   **低週期（15m / 5m）：** 作為進出場觸發。在確認高週期方向和中週期關鍵結構後，低週期可尋找精確的入場點，例如在回測關鍵區位（如OB或FVG）後出現反轉K線、確認CHoCH或流動性獵殺完成。目前低週期很可能已出現頂部背離或看跌結構。

### **6. SMC 操盤劇本**

*   **主要劇本（Main Scenario）：等待深度回調後再找買點。**
    *   **等待獵殺：** 等待價格向下獵殺近期形成的下方流動性 (SSL)，例如跌破 **50.0 或 48.0 (接近MA10)**，清理不穩定的多頭止損。
    *   **進入訂單塊：** 價格在獵殺流動性後，回測至下方的看漲訂單塊 (如 **45.0 - 47.0 區間，接近MA20**) 或強支撐位，並出現放量止跌K線或低週期 CHoCH。
    *   **進場方向（多 / 空）：** 多。
    *   **停損（SL）：** 設在看漲訂單塊下方或關鍵支撐位下方，例如若在 45.0-47.0 區間進場，停損可設在 **44.0**。
    *   **目標價（TP1 / TP2）：** TP1 可設在近期高點 **53.0** 附近，若突破且量能配合，TP2 可看向潛在的 Bearish FVG 區 **55.0-58.0** 甚至 BBand 上限 **70.19**，但需持續觀察量價配合。
*   **備用劇本（Alternative Scenario）：若結構被破壞，應考慮觀望。**
    *   若價格直接跌破 MA20 (47.25) 且未能守住，甚至跌破看漲訂單塊和前期低點，則代表高週期多頭結構被破壞 (MSS)，應考慮停止交易或轉為空頭思路（若可做空）。

### **7. 交易設定品質評分（0–100）**

*   **趨勢一致性：** 70 (日線多頭，但健康度不佳)
*   **流動性條件完成度：** 40 (目前高檔，上方流動性未充分構建，下方流動性尚未被獵殺)
*   **OB / FVG 精準度：** 50 (無K線圖，基於數據和假設，精準度有限)
*   **成交量配合度：** 20 (量縮價漲，極不配合)
*   **風險報酬比（RR）：** 若依主要劇本等待回調入場，RR值有機會改善至 70；目前追高則 RR 值很差。
*   **綜合評分： 45/100** (目前風險較高，不適合立即交易，需等待更好的條件和價格回調。)

### **8. 主要風險**

*   **技術面失效風險：** KD指標過熱、量價背離，可能導致技術分析失效，股價不依預期回調而直接反轉下跌。
*   **基本面不確定性：** 若無強勁基本面數據（如營收成長、新訂單）支撐，量縮價漲難以持久。
*   **重大事件：** 財報公佈不如預期、產業利空消息、總體經濟環境惡化等，都可能導致股價大幅下挫。
*   **高波動性風險：** BBand 寬度極大，表示股價波動劇烈，可能瞬間出現大幅漲跌。

### **9. 止跌與轉折跡象判斷**

*   **尚未止跌。** 理由：目前股價仍處於上漲趨勢中的相對高點，KD過熱、成交量萎縮顯示上漲動能不足，但尚未出現明確的下跌K線或跌破關鍵支撐位，因此尚未進入止跌階段，反而可能醞釀回檔。

### **10. 投資建議**

*   **等待觀察。**
*   **一句話結論 + 3 個關鍵理由：** 怡利電(2497) 目前處於高檔震盪且動能減弱的階段，建議「等待觀察」，因為 **1) KD指標嚴重過熱**、**2) 成交量大幅萎縮形成量價背離** 且 **3) BBand寬度極大顯示上漲趨勢不健康**，存在較高回調風險，不宜追高。
*   **若是持有狀態，應如何處置：** 建議部分獲利了結或設定移動停利點。可將停利點設在 **MA5 (53.92) 或 MA10 (48.18)** 附近。若股價跌破 MA5 且量能放大，應考慮減碼；若跌破 MA10，則應考慮清倉以鎖定獲利並規避風險。
*   **請給出具體的買賣點位建議（若適用）：**
    *   **買進點位：** 建議等待股價回調至 **MA20 (47.25) 附近**，並觀察是否出現放量止跌K線或SMC中的看漲訂單塊 (如 **45.0 - 47.0 區間**) 且有成交量能配合，方可考慮分批進場。
    *   **賣出點位：** 若持有者，可考慮在 **53.0 以上分批獲利了結**，或設定跌破 MA5 (53.92) 為減碼訊號，跌破 MA10 (48.18) 為清倉訊號。"
"2026-01-09 22:10:15","2497","怡利電","好的，針對怡利電 (2497) 的技術指標數據，提供專業分析與投資建議如下：

---

### 怡利電 (2497) 今日台股技術指標分析與投資建議

**--- 硬規則判斷結果回顧 ---**
*   **綜合分數:** 8 (高分，顯示多頭趨勢強勁)
*   **簡易買賣訊號:** No BUY (儘管分數高，但存在警示訊號)
*   **警示訊號重點:** BBand 寬度極度過熱、KD黃金交叉但過熱、成交量無量/量縮。

### **1. 市場趨勢判斷**

*   **目前屬於：** **多頭趨勢，但已進入過熱階段。**
*   **判斷依據：**
    *   **均線：** MA5 (53.92) > MA10 (48.18) > MA20 (47.25)，呈現標準多頭排列，且今日股價 53.0 站在所有短期均線之上，顯示股價處於強勁上升通道。
    *   **ADX/DI：** ADX (24.64) 處於多頭趨勢安全區，且 +DI (46.78) 顯著高於 -DI (36.18)，確認多方主導市場。
    *   **結構高低點：** 雖然數據未直接提供高低點，但價格位於中軌之上，且均線多頭排列，暗示價格正創出或接近短期新高。
*   **趨勢是否健康？是否有轉弱跡象？**
    *   **健康面：** 均線排列與ADX/DI顯示趨勢方向明確且強勁。
    *   **轉弱跡象：**
        *   **KD指標：** K值 (87.77) 和 D值 (85.62) 均處於極度超買區，顯示股價上漲動能雖強，但已顯疲態，隨時可能面臨修正。
        *   **布林通道寬度：** 97.07% 的寬度為極度過熱，股價已嚴重偏離中軌，回歸均值的壓力大增。
        *   **成交量：** 今日成交量僅 369 張，顯著低於前一日 (897 張) 和 5 日均量 (972 張)。量縮價漲，尤其在股價高檔且指標過熱時，是不健康的訊號，暗示追價意願不足或潛在賣壓正在累積。

### **2. 技術指標解讀**

*   **BBand 寬度 (97.07%)：** 代表波動率極度擴張。股價已大幅向上突破，嚴重偏離中軌，顯示短期上漲動能極強，但也暗示股價已進入「過熱」區間，短期內回歸均值或修正的可能性大增。
*   **RSI (6): 54.84, RSI (14): 53.99：** 處於中性偏多區間 (50-70)，尚未進入傳統意義上的過熱區 (70以上)。這點與KD和BBand寬度形成對比，RSI相對理性，顯示市場情緒尚未完全失控，但若股價繼續上漲，RSI會迅速進入超買區。未見背離跡象。
*   **KD (K=87.77, D=85.62)：** 處於高檔鈍化狀態，表示股價極為強勢。雖然目前為黃金交叉後續漲，但數值已極高，其有效性在判斷入場點時需謹慎。高檔鈍化通常是修正的前兆，需警惕隨時可能出現的死亡交叉或大幅回檔。
*   **成交量 (369 張)：** 今日成交量相較前日及 5 日均量大幅萎縮。在股價上漲且指標過熱時出現量縮，顯示市場追價動能不足，或是主力在量縮拉升以出貨。這是一個重要的警訊，不支持目前價格的持續上漲。

### **3. 基本面與消息面**

*   **提供的數據中未包含基本面與消息面資訊，因此無法直接評估。**
    *   但通常在技術指標顯示股價過熱且量縮時，若無強勁的基本面利多支撐，修正風險會相對提高。
    *   投資人需自行查詢公司營收、獲利、產業前景及近期新聞發布，以判斷目前的漲勢是否有實質支撐，是短期題材拉抬還是中長期價值發現。
    *   市場目前關注焦點是「成長 / 修正 / 不確定性」？需結合公司最新公告及產業趨勢進行判斷。

### **4. Smart Money Concepts 分析 (SMC)**

*   **4.1 市場結構 (Market Structure)**
    *   **高週期結構 (HTF)：** 多頭。從均線排列和ADX來看，怡利電目前處於日線級別的多頭趨勢中，持續創造Higher Highs和Higher Lows。
    *   **MSS / CHoCH：** 數據中未顯示有明確的市場結構轉變 (MSS) 或性格轉變 (CHoCH) 訊號。價格仍在多頭結構中運行，但過熱跡象增加修正風險。
*   **4.2 關鍵 SMC 價格區**
    *   **A. 看漲訂單塊 (Bullish OB)：**
        *   **價格區間：** 由於未提供 K 線圖，無法精確判斷。但以移動平均線作為參考，潛在的 Bullish OB (需求區) 可能會落在 MA10 (約 48.18) 或 MA20 (約 47.25) 附近。這將是市場回調時，Smart Money 可能會重新介入的價格區間。
        *   **形成背景與合理性：** 當前價格顯著偏離中軌，若發生回調，這些均線附近通常會形成支撐，Smart Money 會在此等待價格進入「折價區」再次累積多頭頭寸。
    *   **B. 流動性池 (Liquidity / SSL / BSL)：**
        *   **可能被獵殺的價位：**
            *   **SSL (Sell-Side Liquidity)：** 潛在的賣方流動性池可能位於近期重要支撐位之下，例如 MA10 (48.18) 或 MA20 (47.25) 以下，甚至是前一次有效的 swing low。若價格下破，將觸發大量散戶止損單。
            *   **BSL (Buy-Side Liquidity)：** 買方流動性池位於目前價格之上，接近 BBand 上限 (70.19) 或之前的高點。目前股價正在尋求上方的流動性。
        *   **散戶常見誤區：** 散戶容易在追高時將止損設在過於接近現價的「明顯」支撐下方，或追逐已過熱的價格，使其止損成為 Smart Money 的獵殺目標。
    *   **C. 看跌失衡區 / 目標位 (Bearish FVG)：**
        *   **價格區間：** 由於數據中未顯示過去的 K 線形態或缺口，無法提供確切的 Bearish FVG。但從當前股價大幅上漲且遠離均線來看，如果股價出現快速且無效率的上漲，會留下向上未被有效回補的失衡區 (FVG)。
        *   **是否為潛在壓力或獲利了結區：** BBand 上限 (70.19) 是一個潛在的技術性壓力位。同時，由於股價過熱，Smart Money 可能會在目前價位或更高處進行部分獲利了結，導致價格回調填補下方的潛在 FVG。
*   **4.3 價值區判斷**
    *   **現價位於：Premium (溢價區)。**
        *   理由：股價 53.0 遠高於 BBand 中軌 47.25，且 KD 指標過熱，BBand 寬度極端擴張，顯示股價已處於相對昂貴的區域。對於 Smart Money 而言，此區的風險報酬比不佳。

### **5. 多時間框架分析**

*   **高週期 (日 / 週)：** 日線圖顯示強勁多頭趨勢，但短期過熱跡象明顯。若週線圖也呈現類似的多頭排列但同樣位於高檔，則確認主要方向為多頭，但修正風險也隨之而來。目前股價在日線級別可能正進行一波強勢上漲後的修正前夕。
*   **中週期 (4H / 1H)：** 在日線過熱情況下，4H/1H 時間框架可能會開始出現上漲動能減弱、背離，甚至價格結構轉變 (如 CHoCH) 的初步跡象，暗示短期回檔即將發生。需觀察是否有 Bearish Order Block 或 Bearish FVG 形成。
*   **低週期 (15m / 5m)：** 在高、中週期回檔時，低週期可用於尋找止跌或重新確立多頭結構的進場觸發點。例如，等待價格進入高週期 Bullish OB (如 MA10/MA20 附近)，並在低週期出現 CHoCH 或 Bullish FVG，確認止跌後再考慮入場。

### **6. SMC 操盤劇本**

*   **主要劇本 (Main Scenario)：**
    *   **等待獵殺：** 鑑於股價處於溢價區且多項指標過熱，Smart Money 不會在現價追高。應等待價格回調，獵殺下方流動性池 (SSL)，清理追高的散戶。
    *   **進入訂單塊：** 等待股價健康回調至日線級別的 Bullish OB (例如 MA10 約 48.18 或 MA20 約 47.25 附近) 或其他重要支撐區，並在此區觀察是否有止跌反轉的價格行為 (如吞噬陽線、長下影線)。
    *   **進場方向：** 多方 (Long) - 在回檔止穩確認後。
    *   **停損 (SL)：** 設置在 Bullish OB 下方，或最近的有效 Swing Low 之下，以保護資本。例如，若在 47.0 附近入場，SL 可設在 45.0 或更低。
    *   **目標價 (TP1 / TP2)：** TP1 可設定為前高 (若有) 或 BBand 上限 (70.19) 的 0.5-0.618 回撤位。TP2 可挑戰 BBand 上限 (70.19)。
*   **備用劇本 (Alternative Scenario)：**
    *   若股價未能守住 MA20 (47.25)，並帶量跌破前一個有效 Swing Low，顯示市場結構可能已從多頭轉為空頭 (CHoCH/MSS)。此時應立即止損，並考慮等待更深的回調或觀望，甚至在出現 Bearish OB/FVG 時考慮反向操作（做空，若允許）。

### **7. 交易設定品質評分 (0–100)**

*   **趨勢一致性：** 80/100 (高週期多頭趨勢健康，但短線過熱，有修正風險)
*   **流動性條件完成度：** 40/100 (目前價格在Premium區，流動性可能在下方SSL，尚未被獵殺)
*   **OB / FVG 精準度：** 20/100 (目前不在理想的Bullish OB區，且存在潛在Bearish FVG風險)
*   **成交量配合度：** 30/100 (量縮價漲，不健康，不支持高位追漲)
*   **風險報酬比 (RR)：** 50/100 (若考慮目前追高，RR不佳；若等待回檔，潛在RR會改善)
*   **綜合評分：54/100** (目前追高的風險較高，不建議貿然進場，需等待更優質的交易設定。)

### **8. 主要風險**

*   **技術面失效風險：** KD指標高檔鈍化後往往伴隨修正，BBand極度擴張後股價有回歸中軌的壓力。量縮價漲在高點也可能導致假突破或誘多。
*   **基本面不確定性：** 由於缺乏基本面資訊，無法判斷目前的股價是否被基本面高估或低估，存在營收不如預期、獲利衰退等風險。
*   **重大事件：** 公司可能發布財報、法說會或產業消息，或總體經濟數據變動，都可能對股價產生劇烈影響。

### **9. 止跌與轉折跡象判斷**

*   **尚未止跌**
*   **理由：** 股價雖然為多頭趨勢，但多項指標（KD過熱、BBand寬度極端擴張、成交量萎縮）都顯示短期上漲動能已顯疲態並處於過熱狀態。股價尚未開始有效回調，因此也談不上止跌；反而更可能面臨回檔修正。

### **10. 投資建議**

*   **等待觀察**
*   **一句話結論 + 3 個關鍵理由：** **建議等待觀察，因短期股價過熱且量縮，存在較高修正風險，需待健康回檔後再尋找買點。**
    1.  **指標過熱警示：** KD指標在高檔鈍化，BBand寬度極度擴張，顯示股價已大幅偏離均值，短線修正壓力大。
    2.  **成交量不足支撐：** 今日成交量顯著萎縮，量價背離，不利於股價持續健康上攻。
    3.  **SMC顯示位於溢價區：** 根據Smart Money Concepts，目前價格位於「溢價區」(Premium)，風險報酬比不佳，應等待回檔至「折價區」(Discount) 並出現買進結構再考慮入場。

*   **若是持有狀態，應如何處置：**
    *   **建議考慮部分獲利了結或設定移動停利**，以保護前期利潤。鑒於股價已處於高檔過熱狀態且量能不足，一旦發生回調，跌勢可能較快。
    *   **關注 MA5 (53.92) 與 MA10 (48.18) 的支撐。** 若股價跌破 MA5 或 MA10 且伴隨放量，應視為初步轉弱訊號，考慮減碼。若跌破 MA20 (47.25)，則可能需嚴格停損。

*   **具體的買賣點位建議（若適用）：**
    *   **買點建議：** 若要介入，應耐心等待股價回測至 MA10 (約 48.18) 或 MA20 (約 47.25) 附近，且伴隨成交量放大、止跌訊號 (如長下影線、吞噬陽線、或低週期 CHoCH 確認) 時，再考慮分批佈局。這將提供更好的風險報酬比。
    *   **賣點建議 (若持有)：** 若股價未能突破今日高點並持續上攻，或出現帶量黑K跌破 MA5，可考慮部分減碼。若跌破 MA10 (48.18) 且未能迅速收復，應嚴格執行停損。

---"
2026-01-09 23:24:45,2497,怡利電,"好的，針對怡利電 (2497) 的今日台股技術指標數據，提供專業分析與投資建議如下：

---

### 怡利電 (2497) 今日台股技術分析與投資建議

#### 1. 市場趨勢判斷

*   **目前屬於：** **短期過熱的多頭趨勢，但已出現轉弱跡象。**
*   **判斷依據：**
    *   **均線：** 今日股價 53.0 高於 MA10 (48.18) 和 MA20 (47.25)，顯示中長期均線仍呈多頭排列，股價在均線之上運行。
    *   **趨勢健康度：** 不健康。K值高達 87.77 (極度過熱)，BBand 寬度高達 97.07% (極度擴張)，且今日成交量僅 369 張，遠低於前一日和五日均量，顯示市場追價動能不足，這些都是多頭趨勢可能轉弱或回調的強烈警訊。
*   **趨勢是否健康？是否有轉弱跡象？**
    *   **不健康。** K值過熱、BBand 寬度極大、成交量急遽萎縮都是明顯的轉弱跡象。多頭雖然仍在均線之上，但缺乏健康的量價配合，使得上漲動能顯得脆弱。

#### 2. 技術指標解讀

*   **BBand 寬度：** 97.07% 為極高數值，代表股價波動率「**極度擴張**」。這通常預示著價格在短期內可能會面臨「**收斂或反轉**」的風險，意即股價容易向中軌靠攏或進入盤整，而非持續單邊上漲。
*   **RSI：** RSI(6) 54.84 和 RSI(14) 53.99，均位於 50-70 之間，屬於「**中性偏多**」區間，尚未進入過熱狀態。這與 KD 指標的極度過熱形成對比，可能表示雖然價格漲勢猛烈，但尚未達到全面瘋狂追價的程度，或者短期拉升較為急促。目前沒有背離跡象。
*   **KD：** K值 87.77，D值 85.62，兩者均處於「**極度過熱**」區間 (通常 K/D > 80 即為超買)。雖然硬規則判斷為黃金交叉但過熱，但如此高的 KD 值通常意味著股價隨時可能面臨「**修正或回檔**」的風險，其「**有效性**」作為買入訊號已大幅降低，反而應視為賣出訊號或回調預警。
*   **成交量：** 今日成交量僅 369 張，遠低於前一日 (897 張) 和 5 日均量 (972 張)。這屬於「**無量/量縮**」。成交量急遽萎縮對多頭而言是「**不利**」的信號，顯示買盤追價意願不足，當前價格上漲缺乏足夠的動能支撐，容易形成量價背離後回檔。

#### 3. 基本面與消息面

*   **近期營收與成長性評估：** 根據提供的技術指標數據，**無法評估**。
*   **新聞是否為短期題材或中長期利多 / 利空？** 根據提供的技術指標數據，**無法評估**。
*   **市場目前關注焦點是「成長 / 修正 / 不確定性」？** 根據提供的技術指標數據，**無法評估**。 (通常在股價短期過熱且量縮時，市場會轉向關注修正風險。)

#### 4. Smart Money Concepts 分析 (SMC)

*   **4.1 市場結構（Market Structure）**
    *   **高週期結構（HTF）：** 根據價格長期處於均線之上 (MA10/MA20) 且 ADX 多方主導，高週期結構傾向「**多頭**」。然而，KD 過熱和 BBand 極寬暗示此多頭動能正在放緩，可能正在形成高點或準備進入回調。
    *   **是否出現 MSS / CHoCH？** 無法僅憑數字判斷。但從當前指標來看，**可能即將出現市場結構轉變 (MSS) 或性格轉變 (CHoCH)**，預示著多頭可能告一段落。
*   **4.2 關鍵 SMC 價格區**
    *   **A. 看漲訂單塊（Bullish OB）：**
        *   **價格區間：** 鑑於股價近期上漲，潛在的看漲訂單塊應位於下方較低價位。合理的潛在 Bullish OB 可能在 **MA10 (約 48.18) 至 MA20 (約 47.25)** 區間。
        *   **形成背景與合理性：** 這個區間曾可能是股價上漲過程中的支撐位或需求集中區，是主力資金再次進場推升的潛力區域。由於十日內曾觸及下軌，下軌 (24.32) 也曾是極低位的一個強大OB，但目前離現價太遠。
    *   **B. 流動性池（Liquidity / SSL / BSL）：**
        *   **可能被獵殺的價位：** 由於 KD 過熱，近期高點上方的「買方止損單 (BSL)」可能已經被掃描或正在被測試。現價 53.0 上方若有散戶追高，其止損單也可能成為被獵殺的目標。向下看，MA5 (53.92) 或昨日收盤價 52.8 下方，可能存在散戶的「賣方止損單 (SSL)」，一旦價格跌破，可能誘發止損潮。
        *   **散戶常見誤區：** 在極度過熱且量縮的情況下「**追高**」，認為多頭趨勢會延續，將止損設在近期小支撐下方，容易被主力獵殺。
    *   **C. 看跌失衡區 / 目標位（Bearish FVG）：**
        *   **價格區間：** 在快速上漲過程中可能形成一些 Bearish FVG (價格向上跳空或快速上漲，造成供需失衡的區間)，這些區間在回調時可能成為阻力或回補目標。鑑於目前股價處於溢價區，任何潛在的 Bearish FVG 可能就是當前價格上方，若考慮 BBand 上限 70.19 是一個極端目標，更實際的可能是近期上漲過程中形成的供應區塊。
        *   **是否為潛在壓力或獲利了結區：** 是。由於 KD 指標極度過熱且成交量萎縮，當前股價 (53.0) 所處的區間本身就已是潛在的「**獲利了結區**」，而非進場追高的時機。
*   **4.3 價值區判斷**
    *   現價 53.0，遠高於 BBand 中軌 47.25，且 BBand 寬度極大。這表示價格已脫離其平均價值，目前位於「**溢價區 (Premium)**」。在溢價區買入的風險較高，通常適合獲利了結。

#### 5. 多時間框架分析

*   **高週期（日 / 週）：** 日線顯示多頭趨勢仍在，但有明顯的過熱和量能不足警訊，預示短期可能面臨回調。若週線來看，可能仍處於上升趨勢中，但週線級別的回調風險正在累積。
*   **中週期（4H / 1H）：** 中週期可能已顯示漲勢鈍化、動能減弱的跡象，或已出現初步的回調結構，例如高點不再創新高、或跌破短期支撐。
*   **低週期（15m / 5m）：** 低週期可能已出現多頭力量衰竭的信號，例如短線價格難以突破高點、形成 M 頭、或出現小型頂背離、甚至初步的下跌結構。

#### 6. SMC 操盤劇本

*   **主要劇本（Main Scenario）：空頭回調或盤整**
    *   **等待獵殺：** 鑑於 KD 極度過熱、成交量萎縮和 BBand 極寬，市場短期內更有可能出現回調。等待價格上攻失敗，或向上獵殺僅存的上方流動性後，確認市場結構轉空 (CHoCH/MSS)。
    *   **進入訂單塊：** 若確認結構轉空，可以關注價格回測上漲過程中形成的 Bearish OB 或 FVG 區間進行空單佈局，或等待價格跌破 Bullish OB (例如 MA10/MA20 區間) 後再考慮進場。
    *   **進場方向：** **觀望，避免追多。** 若有操作，短期傾向於尋找潛在做空機會或等待回調至低位買進。
    *   **停損（SL）：** 若目前持有，停損可嚴格設在 MA5 (53.92) 或昨日高點上方。若考慮做空，停損應設在確認的最高點之上。
    *   **目標價（TP1 / TP2）：** 回調的第一目標位可能是 MA10 (約 48.18)，第二目標位是 MA20 (約 47.25) 甚至更低的看漲訂單塊。
*   **備用劇本（Alternative Scenario）：持續上漲**
    *   **若結構被破壞，該如何應對？** 若股價能再次放量突破近日高點，且能有效站穩 MA5 之上，並帶動 KD 指標在高檔持續鈍化甚至再次向上 (RSI 也同步上攻至超買區)，則多頭力量可能重新集結。此時應重新評估，並等待新的回調支撐位出現後再考慮進場。但目前根據指標判斷，此情境機率較低。

#### 7. 交易設定品質評分（0–100）

*   **趨勢一致性：** 60 (日線多頭，但短期過熱且動能不足，一致性有所下降)
*   **流動性條件完成度：** 50 (上方流動性可能已被測試，下方回調有潛在流動性池)
*   **OB / FVG 精準度：** 40 (無圖表難以精準判斷具體區間)
*   **成交量配合度：** 20 (極度量縮，對多頭不利)
*   **風險報酬比（RR）：** 30 (追高風險高，潛在回調空間大於上漲空間，不划算)
*   **綜合評分：** **40** (整體風險較高，不適合立即進場或追高。)

#### 8. 主要風險

*   **技術面失效風險：** 雖然 KD/BBand 顯示過熱，但市場情緒可能導致其在高檔鈍化或維持極高波動，使股價繼續上漲。然而，在量能萎縮下，這種情況的持久性存疑。
*   **基本面不確定性：** 若有未知的基本面利空消息（如營收不佳、產業逆風等），可能加速技術面回調。
*   **重大事件：** 若近期有財報公布、法說會或重大新聞事件，其影響力可能超越技術面訊號。

#### 9. 止跌與轉折跡象判斷

*   **尚未止跌**。
*   **理由：** 股價雖然小幅上漲，但 KD 指標處於極度過熱區，BBand 寬度極大顯示波動率過高，且成交量急遽萎縮，缺乏上漲動能。這些都是短期回調的強烈警訊，顯示尚未達到止跌條件，反而面臨較大的回調壓力。

#### 10. 投資建議（擇一）

*   **等待觀察**
*   **一句話結論：** 怡利電 (2497) 目前股價處於技術面過熱且動能不足的狀態，建議「**等待觀察**」避免追高風險，等待更明確的入場時機。
*   **3 個關鍵理由：**
    1.  **KD指標與BBand寬度極度過熱：** K值高達87.77，BBand寬度達97.07%，顯示股價短期漲幅過大，修正或回調的風險極高。
    2.  **成交量急遽萎縮：** 今日成交量僅369張，遠低於均量，顯示市場追價意願不足，缺乏上漲動能支撐，容易引發量價背離後的下跌。
    3.  **多空信號衝突與健康度不佳：** 雖然股價仍在均線之上且ADX顯示多方主導，但過熱指標和量縮使得趨勢的健康度存疑，不適合貿然進場追高。
*   **若是持有狀態，應如何處置:**
    *   建議「**逢高減碼或嚴設停損**」。鑑於目前過熱訊號明顯，可考慮獲利了結部分部位以降低風險。若續持，應將停損點嚴格設定在 MA5 (53.92) 或 MA10 (48.18) 之下，以保護已實現的利潤並控制潛在損失。
*   **具體的買賣點位建議：**
    *   **買進建議：** 目前不建議買進。若要考慮買進，需等待股價回調至更具支撐力的區間，例如 MA10 (約 **48.18**) 或 MA20 (約 **47.25**) 附近，並觀察是否有明顯的止跌放量訊號、或形成 Bullish OB 後才考慮進場。
    *   **賣出建議：** 若已持有且有獲利，可考慮在目前價位 (53.0) 附近逢高減碼，或觀察若 MA5 (53.92) 無法有效站穩甚至跌破，則考慮賣出。"
2026-01-09 23:41:23,2497,怡利電,"針對怡利電 (2497) 的今日台股技術指標數據，提供專業分析與投資建議如下：

---

### 專業分析與投資建議：怡利電 (2497)

**一句話結論：** 鑒於怡利電多項技術指標顯示過熱且量能不足，建議投資者應保持「等待觀察」態度，不宜追高。

**3 個關鍵理由：**
1.  **KD指標嚴重過熱，BBand寬度處於極端擴張狀態，預示價格可能面臨回調或盤整以消化獲利賣壓。**
2.  **成交量顯著萎縮，未能支持目前的股價，顯示市場追價意願不足，若無量能，價格難以有效突破。**
3.  **股價已跌破MA5，短期趨勢轉弱，且下方流動性尚未被有效獵殺，等待價格回調至重要支撐區（如MA10或MA20附近的OB區）再評估進場，能獲得更好的風險報酬比。**

---

### 詳細分析：

**1. 市場趨勢判斷**
*   **目前屬於：** **多頭趨勢，但短期有轉弱跡象**。
*   **判斷依據：** 股價53.0仍位於MA10 (48.18) 和 MA20 (47.25) 之上，且MA10持續向上穿越MA20，顯示中長期多頭格局。ADX (24.64) 大於20，且+DI (46.78) 明顯高於-DI (36.18)，確認目前仍由多方主導且存在趨勢。
*   **趨勢是否健康？是否有轉弱跡象？**
    *   **不健康，有明顯轉弱跡象。** 股價已跌破短線MA5 (53.92)，KD指標嚴重過熱 (K=87.77, D=85.62)，BBand寬度 (97.07%) 處於極端擴張，加上今日成交量大幅萎縮 (369張)，均顯示短期上漲動能不足，獲利了結賣壓可能出現，或進入高檔盤整。

**2. 技術指標解讀**
*   **BBand 寬度：** 97.07% 為極高值，代表 **波動率極度擴張**。這通常發生在股價經歷一波快速上漲或下跌之後，預示著短期內波動率可能會收斂，價格可能進入盤整或回調。在極度擴張後追高，風險極大。
*   **RSI：** RSI(6) 54.84, RSI(14) 53.99。兩者均位於50-60之間，表示 **股價處於健康區，既不過熱也不過冷**，仍有向上或向下空間，但未提供明確的買賣訊號，也未見明顯背離。
*   **KD：** K值 (87.77) 和 D值 (85.62) 均在80以上，顯示 **嚴重過熱**。雖然K值略高於D值（黃金交叉的延續），但已進入高檔鈍化區，隨時可能形成死亡交叉或因修正而快速下跌。其有效性在高檔鈍化時往往預示著回調的風險。
*   **成交量：** 今日成交量僅369張，遠低於昨日 (897張) 和5日均量 (972張)。這表明 **市場追價意願顯著不足，未能支持目前的價格**。在股價高位且KD過熱的情況下量縮，是強烈的警示訊號，多頭動能恐將枯竭。

**3. 基本面與消息面**
*(此處假設相關資訊，因數據未提供)*
*   **近期營收與成長性評估：** 怡利電主要業務為車用電子，若近期汽車銷量回升或電動車、ADAS（先進駕駛輔助系統）等相關訂單增加，可能支撐股價。但需查閱最新財報與營收數據以評估實際成長性。
*   **新聞是否為短期題材或中長期利多/利空：** 若近期有特定題材（如車用電子展、新客戶訂單），可能是短期炒作。需關注是否有實質訂單或技術突破等中長期利多支撐。
*   **市場目前關注焦點：** 根據技術面判斷，市場可能從前期的「成長」期待，轉向目前的 **「修正與不確定性」**。高檔量縮和指標過熱，暗示資金可能在觀望，等待更明確的方向或回調後的買點。

**4. Smart Money Concepts 分析**
*   **4.1 市場結構（Market Structure）**
    *   **高週期結構（HTF）：** 根據日線數據，股價站在MA10、MA20之上，判定為 **多頭** 結構。近期高點可能正在形成。
    *   **是否出現 MSS / CHoCH：** 尚未有明確的Market Structure Shift (MSS) 或 Change of Character (CHoCH) 訊號。但短期股價跌破MA5且量縮，若後續跌破MA10，則可能在低週期上出現CHoCH，預示回調。
*   **4.2 關鍵 SMC 價格區**
    *   **A. 看漲訂單塊（Bullish OB）：**
        *   **價格區間：** 考量到近期MA20 (47.25) 和 MA10 (48.18) 為重要支撐，且昨日BBand中軌為46.82。可推測 **46.82 - 47.25** 區間（或略低）是潛在的看漲訂單塊。這是前一波上漲行情中，多方主力累積籌碼的區域。
        *   **形成背景與合理性：** 這些價格區間是前期價格獲得支撐並啟動上漲的關鍵區域，代表存在未被填充的買入訂單。
    *   **B. 流動性池（Liquidity / SSL / BSL）：**
        *   **可能被獵殺的價位：**
            *   **SSL (Sell Side Liquidity)：** 近期若有任何小幅盤整的低點，以及MA10 (48.18) 和MA20 (47.25) 下方的止損單。若價格回調，這些流動性可能被獵殺。
            *   **BSL (Buy Side Liquidity)：** BBand上限70.19之上，或近期形成的高點之上的突破買單。
        *   **散戶常見誤區：** 在BBand寬度極大且KD過熱時追漲，容易成為上方流動性被獵殺的「燃料」，造成高點套牢。
    *   **C. 看跌失衡區 / 目標位（Bearish FVG）：**
        *   **價格區間：** 由於股價處於相對高位，若近期有快速拉升的陽線，其上方可能存在看跌失衡區。但無K線圖難以精確判斷。目前股價53.0已是近期高點附近，若有失衡區，則可能在 **53.0之上** 快速拉升的K棒缺口。
        *   **是否為潛在壓力或獲利了結區：** 結合今日量縮且跌破MA5，53.0附近已顯現壓力，並可能成為獲利了結的區域。
*   **4.3 價值區判斷：**
    *   現價53.0明顯高於MA20 (47.25)，且多項指標過熱，判斷現價位於 **Premium (溢價區)**。

**5. 多時間框架分析**
*   **高週期（日/週）：** 日線目前為多頭，但短線出現轉弱訊號。週線若無更多數據無法判斷，但若日線從低點反彈，週線可能處於築底完成或初升段，但目前股價已面臨修正壓力。
*   **中週期（4H/1H）：** 鑑於日線KD過熱，中週期圖表很可能已經出現或即將出現 **回調結構**，可能在尋求更低的支撐位。中週期的關鍵OB和流動性池可能與日線MA10/MA20重疊。
*   **低週期（15m/5m）：** 低週期目前應處於 **下跌或盤整** 狀態。若要尋求進場機會，需等待低週期出現止跌反轉訊號，如結構轉變 (CHoCH) 並重新進入看漲訂單塊。

**6. SMC 操盤劇本**
*   **主要劇本（Main Scenario） - 回調尋找買點：**
    *   **等待獵殺：** 等待價格回調，獵殺MA10 (48.18) 附近，甚至MA20 (47.25) 下方的止損流動性 (SSL)。
    *   **進入訂單塊：** 觀察價格在 **46.82 - 48.18** 的潛在看漲訂單塊區間（即昨日中軌至MA10），是否出現止跌訊號。
    *   **進場方向：** **多 (Long)**。
    *   **停損（SL）：** 設定在看漲訂單塊下方，例如 **46.00**。若跌破此處，多頭結構可能被破壞。
    *   **目標價（TP1 / TP2）：**
        *   **TP1：** 回測近期高點 **53.00** 附近。
        *   **TP2：** 若能突破53.00並帶量上攻，目標挑戰BBand上限 **70.19**。
*   **備用劇本（Alternative Scenario） - 結構破壞：**
    *   若價格跌破 **46.00** (即跌破MA20及看漲OB下方)，則多頭結構被破壞，應 **暫停任何多頭操作，並考慮避險**。此時，市場可能進入更深度的回調或轉為空頭趨勢。

**7. 交易設定品質評分（0–100）**
*   **趨勢一致性：** 70 (日線多頭，但短線轉弱且KD過熱，存在潛在回調)。
*   **流動性條件完成度：** 20 (目前價格在高位，下方流動性未被獵殺，上方壓力顯現)。
*   **OB / FVG 精準度：** 50 (基於MA推測，無實際K線圖驗證，需進一步確認)。
*   **成交量配合度：** 10 (極度縮量，不支持現有價格行為，不適合進場)。
*   **風險報酬比（RR）：** 目前追高風險報酬比差。若能等待回調至OB區買入，RR有望改善。

**8. 主要風險**
*   **技術面失效風險：** KD嚴重過熱且成交量萎縮，高位可能形成假突破或迅速回調，BBand寬度極大後收斂可能伴隨大幅震盪。
*   **基本面不確定性：** 若基本面（營收、獲利）未能支持目前高股價，技術面回調將更深。
*   **重大事件：** 未知近期財報、法說會、總經數據，任何負面消息都可能導致股價快速下跌。

**9. 止跌與轉折跡象判斷**
*   答案：**尚未止跌**。
*   理由：
    1.  股價今日雖微漲，但已跌破MA5，且成交量顯著萎縮，顯示買盤力道不足。
    2.  KD指標仍處於嚴重過熱區，尚未有效修正，多頭動能正在耗盡。
    3.  BBand寬度極大，預示波動率收斂期將至，通常伴隨價格回調或盤整，而非直接止跌反彈。
    4.  目前無明顯的底部支撐訊號，如帶量長下影線或在關鍵支撐位 (OB區) 形成反轉K線。

**10. 投資建議（擇一）**
*   **等待觀察**。

*   **若是持有狀態，應如何處置:**
    *   如果持有成本較低，可以考慮 **減碼部分獲利**，鎖定利潤，避免因深度回調而侵蝕獲利。
    *   其餘部位可以將 **停損點上移至MA10 (48.18) 附近**，若跌破則考慮全部出場。
    *   需密切關注成交量和價格行為，一旦出現明確的下跌趨勢K線（如帶量長黑K），應果斷出場。

*   **具體的買賣點位建議（若適用）：**
    *   **買進點位建議：** 目前不建議買進。若要考慮買進，需耐心等待價格回調至 **46.82 - 48.18** (BBand中軌至MA10附近) 的訂單塊區間，並觀察是否有放量止跌K線或低週期結構轉變等明確止跌訊號。
    *   **賣出點位建議 (針對現有持股)：** 若股價無法站穩MA5 (53.92) 並持續量縮，或跌破MA10 (48.18)，則可考慮賣出。短期若有反彈至54-55，但量能不濟，亦是減碼的好時機。"
2026-01-09 23:48:55,2497,怡利電,"針對怡利電 (2497) 的技術指標數據，提供以下專業分析與投資建議：

---

### **專業分析報告：怡利電 (2497)**

**綜合判斷：**
怡利電目前處於多頭趨勢中，均線呈多頭排列且ADX顯示趨勢強度尚存。然而，KD指標已在高檔過熱，布林通道寬度極端擴張顯示波動率高，加上今日成交量大幅萎縮，暗示短期上漲動能可能減弱，修正或盤整的風險正在升高。

---

### 1. 市場趨勢判斷

*   **目前屬於：** 多頭趨勢
*   **判斷依據：**
    *   **均線：** MA5 (53.92) > MA10 (48.18) > MA20 (47.25)，呈標準的多頭排列，股價 (53.0) 位於 MA10 和 MA20 之上，顯示中長期趨勢向上。
    *   **BBand：** 股價在中軌 (47.25) 之上，且昨日中軌持續上升 (46.82 -> 47.25)，支持上漲趨勢。
    *   **趨勢指標：** ADX (24.64) 略高於 20-25 的趨勢分界，表示存在一定趨勢強度；+DI (46.78) 顯著高於 -DI (36.18)，表明多方主導市場。
*   **趨勢是否健康？是否有轉弱跡象？**
    *   整體多頭結構健康，但短期出現轉弱跡象。今日股價略低於 MA5 (53.92)，且成交量大幅萎縮，KD指標處於高檔過熱區，布林通道寬度極端擴張，這些都指向短期上漲動能減弱，可能進入修正或盤整階段。

### 2. 技術指標解讀

*   **BBand 寬度 (%):** 97.07%。
    *   **代表波動率：** 極度擴張。這表示近期股價波動劇烈，經歷過一段強勁的漲勢。極寬的布林通道往往預示著市場可能在短期內進入盤整或修正，以消化先前的漲幅，回歸均值。
*   **RSI (6):** 54.84， **RSI (14):** 53.99。
    *   **是否過熱/過冷：** RSI 均處於 50-70 區間，未達過熱 (>70) 或過冷 (<30) 狀態。這表示雖然股價上漲，但RSI尚未達到極端過熱，理論上仍有上漲空間，但需留意KD及BBand的訊號。
    *   **是否背離：** 僅憑此數據無法判斷背離。
*   **KD：** K值(87.77)，D值(85.62)。昨日 K值(87.41)，昨日 D值(84.55)。
    *   **是否出現黃金/死亡交叉：** 目前 K 值仍在 D 值之上，維持黃金交叉狀態。
    *   **有效性：** K、D 值均已達 80 以上，且 K 值持續高於 D 值，顯示股價處於高檔鈍化，市場情緒過熱，買盤動能可能即將衰竭，修正壓力大。此時的黃金交叉有效性會降低，反而需提防隨時可能出現的回檔。
*   **成交量：** 今日 369 張，昨日 897 張，5 日均量 972 張。
    *   **是否支持目前價格行為：** 今日成交量顯著萎縮，遠低於昨日及 5 日均量。在股價維持高檔附近的情況下，量能急縮是不健康的訊號，顯示追價買盤意願不足，或主力趁機縮量測試賣壓，不支持股價持續強勁上攻。

### 3. 基本面與消息面

*   **由於提供的數據僅限技術指標，無法直接評估基本面與消息面。**
*   **若需進行完整分析，應關注以下資訊：**
    *   **近期營收與成長性：** 檢視月營收、季報等數據，評估公司營收是否持續成長、獲利能力如何。怡利電主要業務為車用電子，需關注其在ADAS、車聯網等領域的發展。
    *   **新聞是否為短期題材或中長期利多/利空：** 區分短期投機性題材（如特定客戶訂單）與中長期結構性利多（如產業趨勢、技術突破）。
    *   **市場目前關注焦點：** 目前市場對怡利電的關注點可能是「成長」潛力，但也需警惕其股價在技術面上的「修正」可能性。

### 4. Smart Money Concepts 分析 (SMC)

**重要提醒：** SMC 分析通常需要K線圖以判斷市場結構、訂單塊、流動性區等。由於僅提供數據，以下判斷為推論性質。

#### 4.1 市場結構（Market Structure）

*   **高週期結構（HTF）：** 根據均線多頭排列和ADX趨勢，判斷為 **多頭結構 (Bullish)**。股價在BBand中軌之上，也支持這一判斷。
*   **是否出現 MSS / CHoCH：** 缺乏K線圖無法判斷。但從KD過熱、成交量萎縮來看，短期內出現市場結構轉變 (CHoCH) 或確認性結構位移 (MSS) 的可能性正在增加，特別是向下修正的風險。

#### 4.2 關鍵 SMC 價格區

*   **A. 看漲訂單塊（Bullish OB）：**
    *   **價格區間：** 缺乏K線圖無法精確判斷。但若價格回調，MA10 (約 48.18) 和 MA20 (約 47.25) 可能提供潛在支撐，附近區域可能存在形成Bullish OB的潛力。
    *   **形成背景與合理性：** 通常在一段強勁上漲前的最後一個下跌K線區間，或在流動性掃蕩後形成的強勢買盤區。若價格回測至這些區域能止跌反彈，則可視為有效OB。
*   **B. 流動性池（Liquidity / SSL / BSL）：**
    *   **可能被獵殺的價位：**
        *   **SSL (Sell Side Liquidity)：** 短期來看，MA10 (48.18) 和 MA20 (47.25) 下方存在潛在賣方流動性，若價格跌破這些位置，可能觸發止損盤。
        *   **BSL (Buy Side Liquidity)：** 缺乏明確高點，但布林通道上限 (70.19) 是一個長期上漲可能挑戰的目標，其上方可能存在買方流動性。
    *   **散戶常見誤區：** 散戶可能在布林通道上限 (70.19) 附近嘗試放空，或在 MA 支撐位被跌破時恐慌性賣出，這些行為都可能形成流動性供智能資金獵殺。
*   **C. 看跌失衡區 / 目標位（Bearish FVG）：**
    *   **價格區間：** 缺乏K線圖無法判斷。
    *   **是否為潛在壓力或獲利了結區：** 鑑於KD高檔過熱，BBand極度擴張，目前價格區域 (53.0) 本身就處於一個壓力累積區，部分早期進場的投資者可能會考慮獲利了結。

#### 4.3 價值區判斷

*   **現價位於：** **Premium (溢價區)**
    *   判斷依據：布林通道中軌 (20MA) 47.25 可視為長期平衡點 (Equilibrium)。當前股價 53.0 顯著高於中軌，且離布林通道上限 (70.19) 較遠，但已脫離低價區。因此，現價位於 Premium 區域，對於新建立多頭倉位而言，成本效益相對較低。

### 5. 多時間框架分析

*   **高週期（日 / 週）：**
    *   **日線：** 如上述分析，呈現多頭排列，ADX趨勢仍存，但短期指標過熱，顯示潛在修正風險。
    *   **週線（推測）：** 由於日線均線呈多頭排列，若推估週線，很可能也處於多頭趨勢，但可能伴隨較長的上影線或放量滯漲K線。
*   **中週期（4H / 1H）：** 缺乏數據，但推測在中週期圖表上可能已出現上漲動能減弱、高點收斂或形成短期回調結構。
*   **低週期（15m / 5m）：** 缺乏數據，但通常會觀察其短線的流動性掃蕩、訂單塊確認或結構轉變訊號，以作為精準進出場的觸發點。

### 6. SMC 操盤劇本

**當前情境：** 日線多頭，但技術指標嚴重過熱，成交量萎縮，短期面臨修正或盤整壓力。

*   **主要劇本（Main Scenario） - 等待回調後的做多機會：**
    *   **等待獵殺：** 鑑於目前高檔過熱，預計價格將會回調，並可能向下掃蕩 MA10 (約 48.18) 或 MA20 (約 47.25) 下方的賣方流動性 (SSL)。這將是智能資金重新積累多頭部位的機會。
    *   **進入訂單塊：** 等待價格回測至 MA10 或 MA20 附近，並在該區域形成明確的 Bullish OB (例如：下跌掃蕩流動性後出現強力反轉K線，且伴隨量能回升)。
    *   **進場方向：** 多 (Long)。
    *   **停損（SL）：** 設定在確認的 Bullish OB 下方或流動性掃蕩最低點下方，以保護資本。例如，若在 47.25 附近確認入場，SL 可設於 46.50 或更低。
    *   **目標價（TP1 / TP2）：**
        *   TP1: 挑戰近期高點或 MA5 (53.92) 阻力。
        *   TP2: 若能突破前高，則上看布林通道上限 (70.19) 或更高時間週期的結構高點。
*   **備用劇本（Alternative Scenario） - 若結構被破壞：**
    *   **若結構被破壞，該如何應對？** 若價格帶量跌破 MA20 (47.25)，則視為多頭結構嚴重受損，表示短期趨勢可能轉為空頭或進入深度盤整。
    *   **應對：** 應果斷止損出場。若後續出現明確的 Bearish CHoCH/MSS 且形成 Bearish OB/FVG，則可考慮建立短期空頭部位（若允許）。

### 7. 交易設定品質評分（0–100）

*   **趨勢一致性：** 70 (日線多頭，但短線出現過熱與量縮，一致性略有折扣)
*   **流動性條件完成度：** 40 (目前無明確流動性掃蕩，且價格處於Premium區，不適合立即進場)
*   **OB / FVG 精準度：** 0 (缺乏K線圖無法判斷)
*   **成交量配合度：** 30 (今日成交量大幅萎縮，不支持現有價格行為)
*   **風險報酬比（RR）：** 50 (目前直接買進RR不佳，需等待回調後，透過精準OB入場，RR才能提升)

### 8. 主要風險

*   **技術面失效風險：** KD指標在高檔鈍化時間過長，或BBand極寬後未能有效盤整消化，可能導致股價直接反轉下跌。低成交量也可能使價格波動加劇。
*   **基本面不確定性：** 缺乏基本面數據，若公司營運狀況不如預期或產業前景轉弱，可能導致股價修正。
*   **重大事件：** 財報公佈、法說會、總體經濟數據、國際局勢變動等，都可能對股價產生重大影響。

### 9. 止跌與轉折跡象判斷

*   **尚未止跌**
*   **理由：** 目前股價仍處相對高檔，KD指標嚴重過熱且BBand寬度極端，成交量也大幅萎縮。這些跡象表明買盤動能減弱，股價可能面臨修正或盤整壓力，而非處於止跌狀態。止跌通常需要價格從低點反彈，並伴隨量能放大或明確的支撐訊號。

### 10. 投資建議

*   **投資建議：** **等待觀察**
*   **一句話結論 + 3 個關鍵理由：**
    *   鑑於技術指標過熱、成交量萎縮，且價格處於Premium區，建議等待怡利電回調至更具吸引力的價位或出現明確止跌訊號後再考慮入場，以獲得更佳的風險報酬比。
*   **3 個關鍵理由：**
    1.  **高檔過熱與動能不足：** KD指標已在高檔鈍化，BBand寬度極端擴張暗示修正風險高，今日成交量萎縮則顯示買盤力道不足，短期上漲缺乏支撐。
    2.  **市場結構待確認與價值區不佳：** 雖然日線均線呈多頭排列，但短期價格跌破MA5且缺乏成交量支撐，SMC分析顯示價格處於Premium區，需等待更明確的流動性獵殺或訂單塊回測才能確認更優的入場點。
    3.  **風險報酬比不具吸引力：** 目前價位直接進場，若設定合理停損點，潛在獲利空間相對受限，風險報酬比不佳，不如等待更好的進場時機。
*   **若是持有狀態，應如何處置：**
    *   **建議減碼或設定移動停利點。** 由於KD指標過熱與量縮，短期回檔機率高。可將停利點設在 MA5 (53.92) 或 MA10 (48.18) 之下，若有效跌破並帶量，應考慮部分或全部獲利了結，避免獲利回吐。
*   **具體的買賣點位建議：**
    *   **買點建議 (等待觀察後的策略)：**
        *   **保守買點：** 若價格回測至 MA10 (約 48.18) 或 MA20 (約 47.25) 附近，且伴隨量能回升、KD 指標從低檔黃金交叉或出現 SMC 的 Bullish OB 確認時，可考慮分批佈局。
        *   **積極買點：** 若價格能重新帶量站穩 MA5 (53.92) 並突破近期高點，則趨勢可能延續，但此時仍需謹慎，因KD過熱風險仍在。
    *   **賣點建議 (持有者)：**
        *   **減碼點：** 若價格無法站回 MA5 (53.92)，且跌破 MA10 (48.18)，視為短期轉弱訊號，可考慮減碼。
        *   **出場點：** 若帶量跌破 MA20 (47.25)，則可能宣告短期多頭趨勢結束，建議全部出場。
        *   **獲利目標：** 若多頭趨勢能夠持續，布林通道上限 70.19 可作為潛在壓力區或獲利了結目標。"
2026-01-09 23:57:05,2497,怡利電,"好的，這是一份針對怡利電 (2497) 今日技術指標數據的專業分析與投資建議。請注意，此分析僅基於您提供的技術數據，並未考慮完整的圖表走勢及更詳細的基本面資訊，實際操作仍需搭配更全面的研究。

---

**怡利電 (2497) 今日台股技術指標數據分析**

### 1. 市場趨勢判斷

*   **目前屬於：** **多頭趨勢，但有轉弱與修正壓力。**
*   **判斷依據：**
    *   **均線：** 今日股價 53.0 顯著高於 MA10 (48.18) 和 MA20 (47.25)，且 MA5 (53.92) 也高於 MA10 和 MA20，形成多頭排列，顯示中長期趨勢向上。BBand 中軌 (20MA) 也在上升 (47.25 > 昨日 46.82)，支持多頭格局。
    *   **趨勢線：** ADX (24.64) 仍在 20 以上，表示有趨勢存在，且 +DI (46.78) 明顯高於 -DI (36.18)，確認目前由多方主導。
*   **趨勢是否健康？是否有轉弱跡象？**
    *   **不健康：** 雖然是多頭趨勢，但其健康度不佳。BBand 寬度極度擴張，K值嚴重過熱，且成交量大幅萎縮，這些都是潛在的轉弱跡象。ADX 較昨日略微下降，也暗示趨勢強度正在減弱。

### 2. 技術指標解讀

*   **BBand 寬度 (97.07%)：**
    *   代表波動率極度擴張。股價目前位於 BBand 中軌之上，且離上限 (70.19) 仍有距離，但 BBand 寬度本身已非常高，這通常意味著股價近期經歷了大幅上漲，波動性急劇增加。極度擴張後，市場往往有收斂波動率的需求，可能預示短期內股價將面臨回調或進入盤整。
*   **RSI (6): 54.84, RSI (14): 53.99：**
    *   RSI 處於中性偏多區域，並未達到過熱 (通常70以上) 或過冷 (通常30以下) 的極端。這表明雖然股價上漲，但RSI動能尚未完全失控。目前數據未顯示背離跡象。
*   **KD (K值: 87.77, D值: 85.62)：**
    *   K值與D值均處於 **嚴重過熱區 (80以上)**，雖然K值高於D值形成黃金交叉，但其發生在超買區，有效性大幅降低。這強烈暗示短期買盤力道已達極限，隨時可能面臨獲利了結賣壓，應警惕死亡交叉的風險。
*   **成交量 (今日: 369 張, 5日均量: 972 張)：**
    *   今日成交量大幅萎縮，遠低於昨日和5日均量。股價在相對高位出現「價漲量縮」的背離現象，這是非常重要的警訊。它表示當前上漲缺乏實質買盤支持，上漲動能不足，趨勢難以持續，修正或盤整的可能性大增。

### 3. 基本面與消息面

*   **重要提示：** 由於您提供的數據中不包含基本面與消息面資訊，以下分析無法進行精確判斷。
*   **近期營收與成長性評估：** 無法評估。
*   **新聞是否為短期題材或中長期利多/利空？** 無法判斷。
*   **市場目前關注焦點是「成長/修正/不確定性」？** 無法判斷。

### 4. Smart Money Concepts 分析 (基於有限數據的推斷)

*   **4.1 市場結構 (Market Structure)**
    *   **高週期結構 (HTF)：** 根據均線排列和價格位置，高週期目前傾向於 **多頭 (Bullish)**。從「十日內曾觸及下軌」到現在的強勢上漲，暗示已形成一個向上推動的趨勢。
    *   **是否出現 MSS / CHoCH？** 「十日內曾觸及下軌」後的快速反彈並突破重要均線，很可能在中週期上形成了 **CHoCH (Change of Character)** 或 **MSS (Market Structure Shift)**，從前期的下跌或盤整轉變為上漲結構。

*   **4.2 關鍵 SMC 價格區**
    *   **A. 看漲訂單塊 (Bullish OB)：**
        *   **價格區間：** 鑒於價格從下軌反彈並突破 MA20，潛在的 Bullish OB 可能位於此次上漲的起點，大致在 **46.0 - 47.5** 之間（接近 MA20 和昨日中軌的區域）。這是市場在累積買盤後發動上攻的區域。
        *   **形成背景與合理性：** 該區域代表了主力機構集中買入、逆轉趨勢的價格點，通常是後續回調的潛在支撐。
    *   **B. 流動性池 (Liquidity / SSL / BSL)：**
        *   **可能被獵殺的價位：**
            *   **SSL (Sell Side Liquidity)：** 位於「十日內曾觸及下軌」的低點下方。這些流動性可能已被獵殺。
            *   **BSL (Buy Side Liquidity)：** 位於近期高點之上。目前股價 53.0，BBand 上限 70.19，表示上方仍有顯著的 BSL 存在，例如 **55.0 - 58.0** 之間（若歷史上存在震盪高點），或更高點。
        *   **散戶常見誤區：** 散戶可能在股價回調至訂單塊之前，過早追高突破，或在高位過度追價，其止損單（Buy Side Liquidity）最終成為被Smart Money獵殺的目標。
    *   **C. 看跌失衡區 / 目標位 (Bearish FVG)：**
        *   **價格區間：** 缺乏圖表信息，難以精確判斷。但考慮到當前 KD 過熱和 BBand 寬度極端，若有 Bearish FVG 存在，它可能位於 **55.0 - 60.0** 區間（潛在的早期下跌缺口或不平衡區）。
        *   **是否為潛在壓力或獲利了結區：** 即使沒有明確 FVG，但當前技術指標的過熱狀態，使得 **53.0 - 55.0** 區間本身就是一個潛在的獲利了結壓力區。

*   **4.3 價值區判斷**
    *   現價 53.0 顯著高於中軌 (MA20: 47.25)，且考慮到 KD 過熱和 BBand 寬度極端，目前的價格可以被判斷為位於 **Premium Zone (溢價區)**。這意味著當前價格相對於其近期“公允價值”而言較高。

### 5. 多時間框架分析

*   **高週期 (日/週)：** 主要方向為 **多頭**。日線圖顯示強勁上漲趨勢，均線多頭排列。但週線層面可能也面臨短線調整的壓力。
*   **中週期 (4H/1H)：** 可能已出現上漲動能減弱的跡象，或者正在形成潛在的短期頂部結構，KD指標的過熱在此週期更為明顯。
*   **低週期 (15m/5m)：** 可能已出現回調或盤整的初步訊號，例如更小的 CHoCH (看跌) 或價格行為放緩。

### 6. SMC 操盤劇本

*   **主要劇本 (Main Scenario)：等待回調至價值區，尋找看漲機會。**
    *   **等待獵殺：** 市場可能會回調，獵殺那些在近期高點追高，或在支撐位上方設定止損的散戶流動性。
    *   **進入訂單塊：** 等待價格回調至潛在的 Bullish OB 區間（約 **46.0 - 47.5**），並在此區間觀察是否有低週期 CHoCH (看漲)、放量止跌或其他反轉訊號。
    *   **進場方向：** **多 (Long)**
    *   **停損 (SL)：** 訂單塊下方，例如 **45.0 - 45.5**。
    *   **目標價 (TP1 / TP2)：** TP1 挑戰近期高點 **53.0 - 54.0**，TP2 挑戰潛在 BSL 或 BBand 上限，例如 **58.0 - 60.0**。

*   **備用劇本 (Alternative Scenario)：多頭結構被破壞。**
    *   **若結構被破壞，該如何應對？** 若價格在回調過程中，跌破 Bullish OB (46.0 - 47.5) 的有效性，甚至跌破 MA20 (47.25)，並伴隨大量能下殺，則多頭結構可能被破壞。此時應**立即停止任何做多嘗試，並考慮離場或觀望**，等待新的結構形成。

### 7. 交易設定品質評分 (0–100)

*   **趨勢一致性：** 70 (高週期多頭，但短線出現疲態)
*   **流動性條件完成度：** 40 (存在上方 BSL，但現價已處於 Premium，不利於當前做多)
*   **OB / FVG 精準度：** 60 (無圖表，僅憑數據推斷，有不確定性)
*   **成交量配合度：** 20 (價漲量縮，極度不利，大幅降低買入意願)
*   **風險報酬比 (RR)：** 40 (目前直接入場風險高，若耐心等待回調至價值區再進場，RR 會顯著改善)

### 8. 主要風險

*   **技術面失效風險：** KD指標嚴重過熱、BBand 寬度極度擴張、成交量大幅萎縮，這些都是強烈的修正信號。在這些情況下，多頭趨勢可能很快結束或進入深度回調，技術指標可能失效。
*   **基本面不確定性：** 缺乏基本面數據支持，無法判斷公司是否有實質利多支撐股價。若無基本面支撐，純技術面的拉升更容易面臨修正。
*   **重大事件：** 財報公佈、法說會、產業政策變動、總經數據（如利率、通膨）等，都可能引發市場情緒劇烈波動，尤其在量縮的市場中，負面消息可能導致急劇下跌。

### 9. 止跌與轉折跡象判斷

*   **尚未止跌**
*   **理由：** 儘管股價仍在中軌之上，但 KD 指標嚴重過熱、BBand 寬度極度擴張、成交量大幅萎縮，且 ADX 趨勢強度略有下降。這些都是潛在的轉弱訊號，表明多頭動能正在減弱，短期內面臨較大的回調壓力，尚未看到明確的止跌跡象。

### 10. 投資建議

*   **等待觀察**
*   **一句話結論 + 3 個關鍵理由：** 鑑於多項指標顯示過熱且量能不足，建議等待觀察，避免在潛在修正前入場，以降低風險。
    1.  **KD指標嚴重過熱且BBand極度擴張：** 強烈暗示短期買盤力道已達極限，回調風險高，不宜追高。
    2.  **成交量顯著萎縮：** 價漲量縮的背離現象，顯示上漲缺乏實質買盤支持，趨勢健康度不佳。
    3.  **價格處於Premium區且尚未止跌：** 當前非最佳買入時機，應等待價格回調至更具價值（Discount）的區域並出現止跌訊號再考慮介入。

*   **若是持有狀態，應如何處置：**
    *   建議密切關注股價是否跌破 MA5 (53.92) 或 MA10 (48.18)。
    *   若出現明確的價跌量增，或 KD 指標形成死亡交叉，應考慮**分批減碼或獲利了結**，保護已實現利潤。
    *   可設定 **50.0 或 48.0** 作為移動停利點，以鎖定部分獲利。

*   **具體的買賣點位建議：**
    *   **買進建議：** 建議等待價格回調至 **46.0 - 47.5** 區間（接近 MA20 及潛在 Bullish OB），並觀察是否有放量止跌、底部結構確認（如低週期 CHoCH bullish）等訊號再考慮介入。
    *   **賣出建議：** 若現有持倉者，可考慮在 **53.0 - 54.0** 區間（接近近期高點且動能減弱）分批減碼。若股價進一步挑戰 **55.0 - 58.0** 並遇阻，也可考慮獲利了結。設定 **50.0** 作為風險控制的停損點。"
